Category,Crop,DistrictName,KccAns,QueryText,QueryType,Season,month,year,cleaned_query,cleaned_answer,query_lang,answer_lang
Cereals,Paddy (Dhan),SHAHJAHANPUR,"श्रीमान जी, धान की फसल में तना बेधक तथा पत्ता लपेटक कीट  के प्रबंधन के लिए Bifenthrin 10% EC @ 200 ml प्रति एकड़ 200 लीटर पानी के साथ छिड़काव करें |","Information about control of leaf folder/stem borer in Paddy crop..?
",Plant Protection,Kharif,8,2024,Information about control of leaf folder stem borer in Paddy crop..?,"श्रीमान जी, धान की फसल में तना बेधक तथा पत्ता लपेटक कीट के प्रबंधन के लिए Bifenthrin 10 EC 200 ml प्रति एकड़ 200 लीटर पानी के साथ छिड़काव करें",english,hindi
Cereals,Paddy (Dhan),CHANDAULI,"महोदय धानमें/acre NPK[18:18:18]@2.0 kilogm+कॉपर ऑक्सिक्लोराइड 50 डब्ल्यूपी मात्रा 600 ग्राम + त्रिआजोफॉस[40ec]@500 मिलीलीटर +मल्टीप्लस 1000 ग्राम + स्ट्रिपोसाइक्लिन 6.0 ग्राम+250 liter water , घोल बनाकर स्प्रे करें|","Sir, give information about diseases and pest control in paddy crop….?",Plant Protection,Kharif,9,2020,"Sir, give information about diseases and pest control in paddy crop .?","महोदय धानमें acre NPK 18 18 18 2.0 kilogm कॉपर ऑक्सिक्लोराइड 50 डब्ल्यूपी मात्रा 600 ग्राम त्रिआजोफॉस 40ec 500 मिलीलीटर मल्टीप्लस 1000 ग्राम स्ट्रिपोसाइक्लिन 6.0 ग्राम 250 liter water , घोल बनाकर स्प्रे करें",english,hindi
Cereals,Paddy (Dhan),SONBHADRA,श्रीमान जी धान की फसल में पत्तियां सफेद होने से नियंत्रण के लिए 1 किलोग्राम फेरस सल्फेट एवं 4 किलोग्राम यूरिया 200 लीटर पानी में घोल बनाकर प्रति एकड़ छिड़काव करें,Information about control of whitening of leaves in paddy crop.?,Plant Protection,Kharif,8,2024,Information about control of whitening of leaves in paddy crop.?,श्रीमान जी धान की फसल में पत्तियां सफेद होने से नियंत्रण के लिए 1 किलोग्राम फेरस सल्फेट एवं 4 किलोग्राम यूरिया 200 लीटर पानी में घोल बनाकर प्रति एकड़ छिड़काव करें,english,hindi
Cereals,Paddy (Dhan),GAUTAM BUDDHA NAGAR,श्रीमान जी धान की फसल में यूरिया का प्रयोग ना करें आवश्यकता से अधिक यूरिया का प्रयोग किया जा चुका हैजब फसल 35 दिन की हो जाए तबआप 10 किलोग्राम सागरिका और 5 किलोग्राम जिंक सल्फेट प्रति एकर बिखेर कर प्रयोग करें ,Give me information about fertilizers dose in paddy crop? ,Plant Protection,Zaid,5,2024,Give me information about fertilizers dose in paddy crop?,श्रीमान जी धान की फसल में यूरिया का प्रयोग ना करें आवश्यकता से अधिक यूरिया का प्रयोग किया जा चुका हैजब फसल 35 दिन की हो जाए तबआप 10 किलोग्राम सागरिका और 5 किलोग्राम जिंक सल्फेट प्रति एकर बिखेर कर प्रयोग करें,english,hindi
Cereals,Wheat,MAHARAHGANJ,श्रीमान जी गेहूं की फसल में triazophos 40 ec 400ml प्रति एकड़ की दर से 200 लीटर पानी में घोल बनाकर स्प्रे करें,Information about Insect control in Wheat crop...?,Plant Protection,Rabi,2,2021,Information about Insect control in Wheat crop...?,श्रीमान जी गेहूं की फसल में triazophos 40 ec 400ml प्रति एकड़ की दर से 200 लीटर पानी में घोल बनाकर स्प्रे करें,english,hindi
Cereals,Paddy (Dhan),GONDA,श्रीमान जी धान की नर्सरी डालने से पहले बीज को कार्बेंडाजिम 50% डब्ल्यूपी 2 से 3 ग्राम दवा प्रति किलोग्राम बीज की दर से बीज शोधित करके डालें |,"Information about seed treatment in paddy crop ?
",Plant Protection,Kharif,6,2023,Information about seed treatment in paddy crop ?,श्रीमान जी धान की नर्सरी डालने से पहले बीज को कार्बेंडाजिम 50 डब्ल्यूपी 2 से 3 ग्राम दवा प्रति किलोग्राम बीज की दर से बीज शोधित करके डालें,english,hindi
Cereals,Wheat,BADAUN,श्री  मान  जी  आप  गेहू में  NPK 19:19:19 1.5 kg / एकर 180 लीटर  पानी  में  घोल  कर  स्प्रे  करे  .,Provide about information of growth problem in Wheat crop...?,Fertilizer Use and Availability,Rabi,1,2023,Provide about information of growth problem in Wheat crop...?,श्री मान जी आप गेहू में NPK 19 19 19 1.5 kg एकर 180 लीटर पानी में घोल कर स्प्रे करे .,english,hindi
Cereals,Wheat,BADAUN,"श्रीमान जी गेहूं में उर्वरक की मात्रा-नाइट्रोजन 120 किलोग्राम फास्फोरस 60 किलोग्राम पोटाश 40 किलोग्राम/हेक्टेयर की दर से प्रयोग की जाती है,मिट्टी की जांच के आधार पर उर्वरक की मात्रा निर्धारित होती है",Give Information about fertilizer use in wheat....?,Fertilizer Use and Availability,Rabi,11,2021,Give Information about fertilizer use in wheat....?,"श्रीमान जी गेहूं में उर्वरक की मात्रा-नाइट्रोजन 120 किलोग्राम फास्फोरस 60 किलोग्राम पोटाश 40 किलोग्राम हेक्टेयर की दर से प्रयोग की जाती है,मिट्टी की जांच के आधार पर उर्वरक की मात्रा निर्धारित होती है",english,hindi
Cereals,Paddy (Dhan),PRATAPGARH,"संकर धान की अच्छी पैदावार लेने के लिए 150 किग्रा० नत्रजन (यूरिया 260 किग्रा०, 75 किग्रा० पोटाश (124 किग्रा० mop)एवं फास्फोरस (DAP 162 किग्रा०)आवश्यकतानुसार 25 किग्रा० जस्ता प्रति हेक्टेयर आवश्यकता होती है। नत्रजन की आधी तथा फास्फोरस तथा पोटाश की पूरी मात्रा रोपाई के समय तथा शेष नत्रजन मात्रा दो बराबर भागों में कल्ले निकलते समय तथा गोभ बनते समय देना चाहिए।",information about fertilizer in paddy............?,Fertilizer Use and Availability,Kharif,7,2020,information about fertilizer in paddy............?,"संकर धान की अच्छी पैदावार लेने के लिए 150 किग्रा० नत्रजन (यूरिया 260 किग्रा०, 75 किग्रा० पोटाश (124 किग्रा० mop)एवं फास्फोरस (DAP 162 किग्रा०)आवश्यकतानुसार 25 किग्रा० जस्ता प्रति हेक्टेयर आवश्यकता होती है। नत्रजन की आधी तथा फास्फोरस तथा पोटाश की पूरी मात्रा रोपाई के समय तथा शेष नत्रजन मात्रा दो बराबर भागों में कल्ले निकलते समय तथा गोभ बनते समय देना चाहिए।",english,hindi
Cereals,Paddy (Dhan),BULANDSHAHAR,"श्रीमान जी, धान की फसल में प्रथम टॉप ड्रेसिंग उर्वरक का प्रयोग 35 किलोग्राम यूरिया , 5 किलोग्राम जिंक सल्फेट 33% तथा 10 किलोग्राम दानेदार सागरिका प्रति एकड़ की दर से प्रयोग करें |
","Information about the first top dressing fertilizer application in Paddy crop  ?
",Fertilizer Use and Availability,Kharif,7,2024,Information about the first top dressing fertilizer application in Paddy crop ?,"श्रीमान जी, धान की फसल में प्रथम टॉप ड्रेसिंग उर्वरक का प्रयोग 35 किलोग्राम यूरिया , 5 किलोग्राम जिंक सल्फेट 33 तथा 10 किलोग्राम दानेदार सागरिका प्रति एकड़ की दर से प्रयोग करें",english,hindi
Cereals,Wheat,JAUNPUR,महोदय गेहूं की फसल में बुवाई के समय- 12: 32: 16 की मात्रा-  75 किलोग्राम और म्यूरेट आफ पोटाश की मात्रा - 10 किलोग्राम प्रति एकड़ की दर से प्रयोग करें,information about fertilizers Dose use in wheat crop?,Fertilizer Use and Availability,Kharif,10,2021,information about fertilizers Dose use in wheat crop?,महोदय गेहूं की फसल में बुवाई के समय- 12 32 16 की मात्रा- 75 किलोग्राम और म्यूरेट आफ पोटाश की मात्रा - 10 किलोग्राम प्रति एकड़ की दर से प्रयोग करें,english,hindi
Cereals,Paddy (Dhan),UNNAO,"श्रीमान जी आप  Fipronil 0.3%g 8kg/acor के  दर  से  बुरकाव  करे  धान के  फसल  में /acor के  दर  से
",Termite insect attack in Paddy plant ?,Fertilizer Use and Availability,Kharif,6,2020,Termite insect attack in Paddy plant ?,श्रीमान जी आप Fipronil 0.3 g 8kg acor के दर से बुरकाव करे धान के फसल में acor के दर से,english,hindi
Cereals,Wheat,CHANDAULI,"श्रीमान जी गेहूं की फसल में नैनो यूरिया का छिड़काव नमी की अवस्था में करें, Nano Urea @ 500ml प्रति एकड़ की दर से 150 से 200 लीटर पानी में घोल बनाकर छिड़काव करें |
","Give information use of Nano urea in wheat crops.
",Nutrient Management,Rabi,1,2023,Give information use of Nano urea in wheat crops.,"श्रीमान जी गेहूं की फसल में नैनो यूरिया का छिड़काव नमी की अवस्था में करें, Nano Urea 500ml प्रति एकड़ की दर से 150 से 200 लीटर पानी में घोल बनाकर छिड़काव करें",english,hindi
Cereals,Wheat,BARABANKI,"सर,आप गेहू के फसल में जिंक सलफेट @ 5gm/लीटर पानी में घोल बनाकर स्प्रे करे |",Information about nutrient management in wheat crops.....?,Nutrient Management,Rabi,2,2020,Information about nutrient management in wheat crops.....?,"सर,आप गेहू के फसल में जिंक सलफेट 5gm लीटर पानी में घोल बनाकर स्प्रे करे",english,hindi
Cereals,Wheat,KANPUR CITY,"NPK 18:18:18 ग्रेड का 10 ग्राम प्रति लिटर पानी में घोल कर छिड़काव करें।
","ASKED ABOUT TO [ID] [ID] IN WHEAT   ?
",Nutrient Management,Rabi,2,2024,ASKED ABOUT TO [ID] [ID] IN WHEAT ?,NPK 18 18 18 ग्रेड का 10 ग्राम प्रति लिटर पानी में घोल कर छिड़काव करें।,english,hindi
Cereals,Wheat,SAHARANPUR,"श्री मान जी सल्फर 80 % WDG 400 ग्राम मात्रा प्रति एकड़ 200 लीटर पानी के साथ घोल बनाकर छिड़काव करे तथा मैग्नीशियम की 2 ग्राम की मात्रा को प्रति 1 लीटर पानी की दर से घोल बनाकर छिड़काव करें
",information about nutrient application related to wheat,Nutrient Management,Rabi,1,2024,information about nutrient application related to wheat,श्री मान जी सल्फर 80 WDG 400 ग्राम मात्रा प्रति एकड़ 200 लीटर पानी के साथ घोल बनाकर छिड़काव करे तथा मैग्नीशियम की 2 ग्राम की मात्रा को प्रति 1 लीटर पानी की दर से घोल बनाकर छिड़काव करें,english,hindi
Cereals,Paddy (Dhan),MAU,श्रीमान जी धान की फसल में वृद्धि एवं विकास के लिए सागरिका की 250 ML मात्रा 200 लीटर पानी में घोल बनाकर / एकर के हिसाब से स्प्रे करे |,Information about Plant Growth in  Paddy Crop....?,Nutrient Management,Kharif,8,2024,Information about Plant Growth in Paddy Crop....?,श्रीमान जी धान की फसल में वृद्धि एवं विकास के लिए सागरिका की 250 ML मात्रा 200 लीटर पानी में घोल बनाकर एकर के हिसाब से स्प्रे करे,english,hindi
Cereals,Wheat,KHERI,श्रीमान जी गेहूं की फसल में वृद्धि एवं बढ़वार हेतु 35 - 40 kg यूरिया और 10 kg सागरिका प्रति एकड़ के हिसाब से प्रयोग करें|,Information about Nutrient management in Wheat crop ...?,Nutrient Management,Rabi,11,2021,Information about Nutrient management in Wheat crop ...?,श्रीमान जी गेहूं की फसल में वृद्धि एवं बढ़वार हेतु 35 - 40 kg यूरिया और 10 kg सागरिका प्रति एकड़ के हिसाब से प्रयोग करें,english,hindi
Vegetables,Potato,FIROZABAD,"कॉपर हाइड्रोक्साइड 77% डब्लू.पी. दवा का 2.5 ग्राम प्रति लिटर पानी में घोल बनाकर छिड़काव करें।
","TELL ME ABOUT DISEASE CONTROL IN POTATO CROP?
",Plant Protection,Rabi,12,2021,TELL ME ABOUT DISEASE CONTROL IN POTATO CROP?,कॉपर हाइड्रोक्साइड 77 डब्लू.पी. दवा का 2.5 ग्राम प्रति लिटर पानी में घोल बनाकर छिड़काव करें।,english,hindi
Vegetables,Beet Root (Garden Beet/Stock Beet),HATHRAS,श्री मान जी कॉपर ऑक्सीक्लोराइड 50% WP @ 400 ग्राम/एकर 200 लीटर पानी के साथ छिड़काव करें ,Information about control of fruit rot in Beet root ? ,Plant Protection,Rabi,2,2020,Information about control of fruit rot in Beet root ?,श्री मान जी कॉपर ऑक्सीक्लोराइड 50 WP 400 ग्राम एकर 200 लीटर पानी के साथ छिड़काव करें,english,hindi
Vegetables,Chillies,JAUNPUR,श्रीमान जी मिर्च की फसल में 50% WP @400 ग्राम /एकड़ 200 लीटर पानी में मिलाकर स्प्रे करे ,information about control of decomposition in Chillie crop ?,Plant Protection,Kharif,10,2020,information about control of decomposition in Chillie crop ?,श्रीमान जी मिर्च की फसल में 50 WP 400 ग्राम एकड़ 200 लीटर पानी में मिलाकर स्प्रे करे,english,hindi
Vegetables,Onion,AZAMGARH,"श्रीमान जी, प्याज की फसल में तने का झुलस रोग नियंत्रण के लिए Carbendazim 12% + Mancozeb 63% WP @ 400 ग्राम प्रति एकड़ 200 लीटर पानी के साथ घोल बनाकर छिड़काव कर सकते हैं 
",Information About Control of Stem Blight Disease in Onion Crop ...?,Plant Protection,Rabi,3,2025,Information About Control of Stem Blight Disease in Onion Crop ...?,"श्रीमान जी, प्याज की फसल में तने का झुलस रोग नियंत्रण के लिए Carbendazim 12 Mancozeb 63 WP 400 ग्राम प्रति एकड़ 200 लीटर पानी के साथ घोल बनाकर छिड़काव कर सकते हैं",english,hindi
Vegetables,Tomato,SONBHADRA,महोदय प्लानोफिक्स (NAA)@ 1 ml/4 लीटर पानी में मिलकर स्प्रे करें ,Information about flower drop problem in tomato ..?,Plant Protection,Rabi,2,2020,Information about flower drop problem in tomato ..?,महोदय प्लानोफिक्स (NAA) 1 ml 4 लीटर पानी में मिलकर स्प्रे करें,english,hindi
Vegetables,Bhindi(Okra/Ladysfinger),GHAZIPUR,"NPK 13:0:45 ग्रेड का 10 ग्राम प्रति लिटर पानी में घोल कर छिड़काव करें।
",TELL ME [ID] [ID]  ?,Plant Protection,Zaid,4,2022,TELL ME [ID] [ID] ?,NPK 13 0 45 ग्रेड का 10 ग्राम प्रति लिटर पानी में घोल कर छिड़काव करें।,english,hindi
Vegetables,Potato,FIROZABAD,"महोदय, आलू की फसल में बिजाई से पहले सिंचाई करें। बिजाई के बाद 10-15 दिनों के अंदर अंदर पहली सिंचाई करें। दूसरी सिंचाई पहली सिंचाई के 10 दिनों के बाद करें। बाकी की सिंचाइयां जलवायु की परिस्थितियों और जरूरत के अनुसार करें।",Information about water management in Potato crop..?,Cultural Practices,Rabi,11,2023,Information about water management in Potato crop..?,"महोदय, आलू की फसल में बिजाई से पहले सिंचाई करें। बिजाई के बाद 10-15 दिनों के अंदर अंदर पहली सिंचाई करें। दूसरी सिंचाई पहली सिंचाई के 10 दिनों के बाद करें। बाकी की सिंचाइयां जलवायु की परिस्थितियों और जरूरत के अनुसार करें।",english,hindi
Vegetables,Pea (Vegetable),PRATAPGARH,श्रीमान जी सब्जी मटर की खेती किए हैं आप की खेती में फुल से फली में 70% बदल चुकी है तो आप हल्की सिंचाई कर सकते हैं |,Provide about information of irrigation management in pea vegetable crop ?,Cultural Practices,Rabi,2,2023,Provide about information of irrigation management in pea vegetable crop ?,श्रीमान जी सब्जी मटर की खेती किए हैं आप की खेती में फुल से फली में 70 बदल चुकी है तो आप हल्की सिंचाई कर सकते हैं,english,hindi
Vegetables,Pumpkin,FAIZABAD,श्रीमान जी कद्दू बोने का उपयुक्त समय फरवरी-मार्च और जून-जुलाई महीना है,Information about sowing time of Pumpkin?,Cultural Practices,Rabi,1,2020,Information about sowing time of Pumpkin?,श्रीमान जी कद्दू बोने का उपयुक्त समय फरवरी-मार्च और जून-जुलाई महीना है,english,hindi
Vegetables,Potato,BAHRAICH,"श्रीमान जी आलू की अगेती फसल की बुआई मध्य सितम्बर से अक्टूबर के प्रथम सप्ताह तक है।
मुख्य फसल की बुवाई अक्टूबर के पहले सप्ताह से अक्टूबर के तीसरे सप्ताह तक की जानी चाहिए।
",Information about sowing time of  Potato?,Cultural Practices,Kharif,10,2023,Information about sowing time of Potato?,श्रीमान जी आलू की अगेती फसल की बुआई मध्य सितम्बर से अक्टूबर के प्रथम सप्ताह तक है। मुख्य फसल की बुवाई अक्टूबर के पहले सप्ताह से अक्टूबर के तीसरे सप्ताह तक की जानी चाहिए।,english,hindi
Vegetables,Mushroom,FIROZABAD,महोदय  मशरुम  कल्टीवेशन  के  लिए  आप  kvk से  प्रशिक्षण  ले , Information about mushroom cultivation ..?,Cultural Practices,Kharif,8,2020,Information about mushroom cultivation ..?,महोदय मशरुम कल्टीवेशन के लिए आप kvk से प्रशिक्षण ले,english,hindi
Vegetables,Pumpkin,BARABANKI,"श्रीमानजी कद्दू का बीज दर 4 से 5 किलोग्राम प्रति हेक्टेयर, पंक्ति से पंक्ति की दूरी 250 (सेमी०), पौधे से पौधे की दूरी 50 से 75 (सेमी०), और बुवाई की गहराई 3 (सेमी०) पर करे","Give information about Seed rate, Row to row distance, Distance from plant to plant, And Sowing depth of Pumpkin ....?",Cultural Practices,Rabi,2,2020,"Give information about Seed rate, Row to row distance, Distance from plant to plant, And Sowing depth of Pumpkin ....?","श्रीमानजी कद्दू का बीज दर 4 से 5 किलोग्राम प्रति हेक्टेयर, पंक्ति से पंक्ति की दूरी 250 (सेमी०), पौधे से पौधे की दूरी 50 से 75 (सेमी०), और बुवाई की गहराई 3 (सेमी०) पर करे",english,hindi
Vegetables,Cauliflower,AURAIYA,"श्रीमान जी,गोभी की पौध में  NPK 19:19:19 @ 10 ग्राम तथा सागरिका जैविक पोषक तत्व 2 मिलीलीटर प्रति लीटर पानी की दर से घोल बनाकर छिड़काव करें |
","Information about the nutrient management in cauliflower crop..?
",Nutrient Management,Kharif,10,2024,Information about the nutrient management in cauliflower crop..?,"श्रीमान जी,गोभी की पौध में NPK 19 19 19 10 ग्राम तथा सागरिका जैविक पोषक तत्व 2 मिलीलीटर प्रति लीटर पानी की दर से घोल बनाकर छिड़काव करें",english,hindi
Vegetables,Cucumber,HAPUR (PANCHSHEEL NAGAR),"श्रीमान जी,खीरे की फसल में नाइट्रोबेंजीन 20% एल @ 2ml प्रति लीटर पानी की दर से मिला करके स्प्रे करें|",Information about fruiting in cucumber crop?,Nutrient Management,Kharif,9,2024,Information about fruiting in cucumber crop?,"श्रीमान जी,खीरे की फसल में नाइट्रोबेंजीन 20 एल 2ml प्रति लीटर पानी की दर से मिला करके स्प्रे करें",english,hindi
Vegetables,Pea (Vegetable),LALITPUR,"श्रीमान जी, मटर की फसल के लिए यूरिया 30 किलोग्राम, सिंगल सुपर फास्फेट 150 किलोग्राम, म्यूरेट आफ पोटाश 30 किलोग्राम प्रति एकड़ की जरूरत होगी l  सिंगल सुपर फास्फेट, म्यूरेट आफ पोटाश की पूरी मात्रा और यूरिया की आधी मात्रा बुवाई के समय डालें बाकी बची यूरिया को बुवाई के 1 महीने बाद डालें l",Information about fertilizer dose for Pea(vegetable)..?,Nutrient Management,Kharif,10,2021,Information about fertilizer dose for Pea(vegetable)..?,"श्रीमान जी, मटर की फसल के लिए यूरिया 30 किलोग्राम, सिंगल सुपर फास्फेट 150 किलोग्राम, म्यूरेट आफ पोटाश 30 किलोग्राम प्रति एकड़ की जरूरत होगी l सिंगल सुपर फास्फेट, म्यूरेट आफ पोटाश की पूरी मात्रा और यूरिया की आधी मात्रा बुवाई के समय डालें बाकी बची यूरिया को बुवाई के 1 महीने बाद डालें l",english,hindi
Vegetables,Potato,BADAUN,प्रिय महोदय आलू की फसल में मैंगनीज की कमी को दूर करने के लिए मैंगनीज सल्फेट (मैंगनीज 30.5%+सल्फर 17%) 4 किलो/एकड़ भूमि में प्रयोग करे या 5 ग्राम/ लीटर पानी की दर से छिड़काव कर सकते हैं ,How to overcome the deficiency of Manganese in potato crops?,Nutrient Management,Rabi,1,2024,How to overcome the deficiency of Manganese in potato crops?,प्रिय महोदय आलू की फसल में मैंगनीज की कमी को दूर करने के लिए मैंगनीज सल्फेट (मैंगनीज 30.5 सल्फर 17 ) 4 किलो एकड़ भूमि में प्रयोग करे या 5 ग्राम लीटर पानी की दर से छिड़काव कर सकते हैं,english,hindi
Vegetables,Watermelon,HATHRAS,महोदय फसल मे फूलों की संख्या को बढ़ाने व उपज मे वृद्धि करने के लिए Nitrobenzene 20% की 400 एमएल मात्रा 200 लीटर पानी मे मिलाकर छिड़काव करें |,Information regarding induce flowering in water melon crop  ?,Nutrient Management,Zaid,5,2025,Information regarding induce flowering in water melon crop ?,महोदय फसल मे फूलों की संख्या को बढ़ाने व उपज मे वृद्धि करने के लिए Nitrobenzene 20 की 400 एमएल मात्रा 200 लीटर पानी मे मिलाकर छिड़काव करें,english,hindi
Vegetables,Potato,MATHURA,"श्रीमान  जी  आलू   की  फसल  में  ग्रोथ  के  लिए  सागरिका  250 ml/एकर  में  200 लीटर  पानी  में  घोल  कर  स्प्रे  करे
",Information Of  Nutrient management in Potato Crop ?,Nutrient Management,Rabi,12,2020,Information Of Nutrient management in Potato Crop ?,श्रीमान जी आलू की फसल में ग्रोथ के लिए सागरिका 250 ml एकर में 200 लीटर पानी में घोल कर स्प्रे करे,english,hindi
Fruits,Mango,KHERI,"श्रीमान आम के पौधे पर सल्फर 80% WDG@ 2 ग्राम /लीटर पानी में घोल बनाकर स्प्रे करे
",Information about disease control in Mango...?,Plant Protection,Rabi,3,2021,Information about disease control in Mango...?,श्रीमान आम के पौधे पर सल्फर 80 WDG 2 ग्राम लीटर पानी में घोल बनाकर स्प्रे करे,english,hindi
Fruits,Mango,GORAKHPUR,"श्रीमान जी आम के पेड़ में फल काला पड़ रहा है इसकी रोकथाम के लिए कॉपर ऑक्सिक्लोराइड 50 परसेंट डब्ल्यूपी 2 ग्राम प्रति 1 लीटर पानी में घोल बनाकर छिड़काव करें |
",Information about fruit turning black in mango tree...?,Plant Protection,Zaid,5,2023,Information about fruit turning black in mango tree...?,श्रीमान जी आम के पेड़ में फल काला पड़ रहा है इसकी रोकथाम के लिए कॉपर ऑक्सिक्लोराइड 50 परसेंट डब्ल्यूपी 2 ग्राम प्रति 1 लीटर पानी में घोल बनाकर छिड़काव करें,english,hindi
Fruits,Mango,JAUNPUR,महोदय आप आम के पौध में Mango Malformation रोग को नियंत्रण करने के लिए कॉपर ऑक्सीक्लोराइड 50 % WP @ 2 ग्राम/लीटर पानी की दर से घोल बनाकर छिड़काव करें|,Information about Mango Malformation Problem in Mango Plant..?,Plant Protection,Rabi,3,2021,Information about Mango Malformation Problem in Mango Plant..?,महोदय आप आम के पौध में Mango Malformation रोग को नियंत्रण करने के लिए कॉपर ऑक्सीक्लोराइड 50 WP 2 ग्राम लीटर पानी की दर से घोल बनाकर छिड़काव करें,english,hindi
Fruits,Mango,KANPUR CITY,"सर -  प्लानोफिक्स 1 मिलीलीटर दवा / 4 लीटर पानी में मिलाकर छिड़काव करें |

","Information about  Mango Malformation control in Mango plant..?
",Plant Protection,Rabi,1,2020,Information about Mango Malformation control in Mango plant..?,सर - प्लानोफिक्स 1 मिलीलीटर दवा 4 लीटर पानी में मिलाकर छिड़काव करें,english,hindi
Fruits,Guava,MUZAFFARNAGAR,श्रीमान जी अमरूद के पेड़ में फल सूख रहे हैं इसकी रोकथाम के लिए कार्बेंडाजिम 12 परसेंट प्लस मैनकोज़ेब 63 परसेंट डब्ल्यूपी 400 ग्राम प्रति एकड़ 200 लीटर पानी में घोल बनाकर छिड़काव करें |,Information about amrood ke ped me fal shookh rahe hai ...?,Plant Protection,Kharif,10,2020,Information about amrood ke ped me fal shookh rahe hai ...?,श्रीमान जी अमरूद के पेड़ में फल सूख रहे हैं इसकी रोकथाम के लिए कार्बेंडाजिम 12 परसेंट प्लस मैनकोज़ेब 63 परसेंट डब्ल्यूपी 400 ग्राम प्रति एकड़ 200 लीटर पानी में घोल बनाकर छिड़काव करें,english,hindi
Fruits,Jack Fruit,SONBHADRA,"महोदया, Copper Oxychloride 50% WP @  2.5 ग्राम प्रति लीटर पानी के साथ घोल बनाकर छिड़काव करें |
",Information about the control of rhizopus rot in jackfruit..?,Plant Protection,Rabi,2,2025,Information about the control of rhizopus rot in jackfruit..?,"महोदया, Copper Oxychloride 50 WP 2.5 ग्राम प्रति लीटर पानी के साथ घोल बनाकर छिड़काव करें",english,hindi
Fruits,Lemon,SULTANPUR,महोदय नींबू की फसल में फूल में विकास के लिए मिक्स humic acid 12 % की 2ml की मात्रा प्रति 1 लीटर पानी में मिश्रण की दर से मिलाकर छिड़काव करें,information about nutrient application for growth of flower in lemon,Nutrient Management,Kharif,7,2023,information about nutrient application for growth of flower in lemon,महोदय नींबू की फसल में फूल में विकास के लिए मिक्स humic acid 12 की 2ml की मात्रा प्रति 1 लीटर पानी में मिश्रण की दर से मिलाकर छिड़काव करें,english,hindi
Fruits,Pomegranate,FAIZABAD,सर आप अनार के पेड़ पर फल के अच्छी गुणवत्ता के लिए एन.पी.के 18:18:18 @  5 ग्राम प्रति लीटर पानी के हिसाब से घोल बनाकर स्प्रे करें और क्लोरपीरिफॉस 1.5% डस्ट पाउडर डस्टिंग करें |,Information about insect and nutrient management in pomagranate......?,Nutrient Management,Rabi,12,2020,Information about insect and nutrient management in pomagranate......?,सर आप अनार के पेड़ पर फल के अच्छी गुणवत्ता के लिए एन.पी.के 18 18 18 5 ग्राम प्रति लीटर पानी के हिसाब से घोल बनाकर स्प्रे करें और क्लोरपीरिफॉस 1.5 डस्ट पाउडर डस्टिंग करें,english,hindi
Fruits,Lemon,GHAZIPUR,श्रीमान जी नींबू के पौधे पर मल्टी माइक्रोन्यूट्रिएंट की 2.5 ग्राम मात्रा प्रति लीटर पानी के हिसाब से घोल बनाकर स्प्रे करें  ,Provide information regarding growth of lemon fruits ?,Nutrient Management,Zaid,4,2025,Provide information regarding growth of lemon fruits ?,श्रीमान जी नींबू के पौधे पर मल्टी माइक्रोन्यूट्रिएंट की 2.5 ग्राम मात्रा प्रति लीटर पानी के हिसाब से घोल बनाकर स्प्रे करें,english,hindi
Fruits,Banana,GONDA,"श्रीमान जी,सागरिका 2.5 ml/2 लीटर पानी की दर से घोलकर छिड़काव करें|",Information about increase growth of Banana plant?,Nutrient Management,Rabi,3,2021,Information about increase growth of Banana plant?,"श्रीमान जी,सागरिका 2.5 ml 2 लीटर पानी की दर से घोलकर छिड़काव करें",english,hindi
Fruits,Musk Melon,SAMBAL (BHIM NAGAR),श्रीमान जी आप तरबूज की बुवाई 1 फरवरी से 15 मार्च तक कर सकते हैं,Information about fertilizer use sowing time Muskmelon crop?,Nutrient Management,Rabi,1,2020,Information about fertilizer use sowing time Muskmelon crop?,श्रीमान जी आप तरबूज की बुवाई 1 फरवरी से 15 मार्च तक कर सकते हैं,english,hindi
Fruits,Banana,KHERI,श्रीमान जी केले के पौधों में वृद्धि और विकास के लिए एनपीके 18 18 18 10 ग्राम प्रति लीटर तथा माइक्रोन्यूट्रिएंट 2 मिलीलीटर प्रति लीटर पानी के हिसाब से  घोल बनाकर छिड़काव करें,Provide information for nutrient management in banana plant ?,Nutrient Management,Kharif,9,2021,Provide information for nutrient management in banana plant ?,श्रीमान जी केले के पौधों में वृद्धि और विकास के लिए एनपीके 18 18 18 10 ग्राम प्रति लीटर तथा माइक्रोन्यूट्रिएंट 2 मिलीलीटर प्रति लीटर पानी के हिसाब से घोल बनाकर छिड़काव करें,english,hindi
Fruits,Mango,RAEBARELI,"महोदय , आप आम के एक वर्ष के पेड़ में प्रति पेड़ 10 किलोग्राम कम्पोस्ट खाद ,100 ग्राम नाइट्रोजन , 50 ग्राम फॉस्फोरस , 100 ग्राम पोटाश , 25 ग्राम कॉपर सल्फेट , 25 ग्राम ज़िंक सल्फेट का प्रयोग करें ",Information about planting of lemon with mango plants   ?,Cultural Practices,Rabi,1,2020,Information about planting of lemon with mango plants ?,"महोदय , आप आम के एक वर्ष के पेड़ में प्रति पेड़ 10 किलोग्राम कम्पोस्ट खाद ,100 ग्राम नाइट्रोजन , 50 ग्राम फॉस्फोरस , 100 ग्राम पोटाश , 25 ग्राम कॉपर सल्फेट , 25 ग्राम ज़िंक सल्फेट का प्रयोग करें",english,hindi
Fruits,Lemon,DEORIA,श्रीमान जी नींबू में गोंद निकलने की रोकथाम के लिए--ढाई सौ ग्राम जिंक सल्फेट ढाई सौ ग्राम कॉपर सल्फेट 125 ग्राम बुझा हुआ चूना प्रति पेड़ की दर से प्रयोग करें,Information About control  of gum problem in lemon plant ?,Cultural Practices,Kharif,6,2022,Information About control of gum problem in lemon plant ?,श्रीमान जी नींबू में गोंद निकलने की रोकथाम के लिए--ढाई सौ ग्राम जिंक सल्फेट ढाई सौ ग्राम कॉपर सल्फेट 125 ग्राम बुझा हुआ चूना प्रति पेड़ की दर से प्रयोग करें,english,hindi
Fruits,Banana,SITAPUR,श्रीमान जी आप केले की फसल में एनपीके 19 19 19 की 5 ग्राम मात्रा साथ में माइक्रोन्यूट्रिएंट्स की 3 ग्राम मात्रा को प्रति 1 लीटर पानी में घोलकर छिड़काव करें,Information regarding to good growth in Banana plants.............?,Cultural Practices,Kharif,9,2021,Information regarding to good growth in Banana plants.............?,श्रीमान जी आप केले की फसल में एनपीके 19 19 19 की 5 ग्राम मात्रा साथ में माइक्रोन्यूट्रिएंट्स की 3 ग्राम मात्रा को प्रति 1 लीटर पानी में घोलकर छिड़काव करें,english,hindi
Fruits,Mango,AMETHI ( Shahu Ji Maharaj),mahoday ap qunalphas 25% ec 2 mili /liter paani me ghol banakar chhidkav kare .,insect problem in mango ...,Cultural Practices,Kharif,7,2020,insect problem in mango ...,mahoday ap qunalphas 25 ec 2 mili liter paani me ghol banakar chhidkav kare .,english,english
Fruits,Melon,BIJNOR,"श्रीमान जी, Alpha naphthyl acetic acid 4.5% SL @ 1 ml प्रति 4.5 लीटर पानी के साथ घोल बनाकर छिड़काव करे |                                                                     
","Information about control of the flower dropping in watermelon crop ?
 ",Cultural Practices,Zaid,4,2024,Information about control of the flower dropping in watermelon crop ?,"श्रीमान जी, Alpha naphthyl acetic acid 4.5 SL 1 ml प्रति 4.5 लीटर पानी के साथ घोल बनाकर छिड़काव करे",english,hindi
Fruits,Lemon,JAUNPUR,श्रीमान जी प्लानोफिक्स 1ml  प्रति  4 लीटर पानी में घोल बनाकर स्प्रे,Information regarding lemon tree not flowering...?,Cultural Practices,Rabi,1,2024,Information regarding lemon tree not flowering...?,श्रीमान जी प्लानोफिक्स 1ml प्रति 4 लीटर पानी में घोल बनाकर स्प्रे,english,hindi
Sugar and Starch Crops,Sugarcane (Noble Cane),KHERI,--कार्टाप हाइड्रोक्लोराइड 4G @ 8-10 किलो ग्राम प्रति एकड़ में छिटक करके सिचाई करे |,Early shoot borer problem in sugarcane ?,Plant Protection,Zaid,5,2022,Early shoot borer problem in sugarcane ?,--कार्टाप हाइड्रोक्लोराइड 4G 8-10 किलो ग्राम प्रति एकड़ में छिटक करके सिचाई करे,english,hindi
Sugar and Starch Crops,Sugarcane (Noble Cane),MORADABAD,श्रीमान जी क्लोरेंट्रनिलीपरोले 18.5% SC इसी को कोराजन के नाम से भी जाना जाता है 80ml दवा प्रति एकड़ के हिसाब से 150 लीटर पानी में घोलकर नमी की अवस्था में स्प्रे करें |,Information about use of Chlorantraniliprole 18.5% SC (coragen) in sugacane crop.....?,Plant Protection,Zaid,5,2023,Information about use of Chlorantraniliprole 18.5 SC (coragen) in sugacane crop.....?,श्रीमान जी क्लोरेंट्रनिलीपरोले 18.5 SC इसी को कोराजन के नाम से भी जाना जाता है 80ml दवा प्रति एकड़ के हिसाब से 150 लीटर पानी में घोलकर नमी की अवस्था में स्प्रे करें,english,hindi
Sugar and Starch Crops,Sugarcane (Noble Cane),GONDA,. किसान भाई आप कार्टाप हाइड्रोक्लोराइड  4% GR 10 किलोग्राम /एकर बुरकाव करे,information about  insect control in sugarcane crop ? ,Plant Protection,Zaid,4,2023,information about insect control in sugarcane crop ?,. किसान भाई आप कार्टाप हाइड्रोक्लोराइड 4 GR 10 किलोग्राम एकर बुरकाव करे,english,hindi
Sugar and Starch Crops,Sugarcane (Noble Cane),BIJNOR,"श्रीमान जी गन्ने की फसल में चूहा नियंत्रण के लिए जिंक फास्फाइड का ज़हरीला चारा बनाकर बिल के पास रखे |
",Information about rat control in sugarcane crop?,Plant Protection,Rabi,1,2025,Information about rat control in sugarcane crop?,श्रीमान जी गन्ने की फसल में चूहा नियंत्रण के लिए जिंक फास्फाइड का ज़हरीला चारा बनाकर बिल के पास रखे,english,hindi
Sugar and Starch Crops,Sugarcane (Noble Cane),SITAPUR,सर आप Chlorantranilliprole 18.5% SC 150ml प्रति एकड़ 200 लीटर पानी में घोलकर प्रयोग करें |,Information about Early Shoot Borer problem in Sugarcane crop...?,Plant Protection,Zaid,5,2025,Information about Early Shoot Borer problem in Sugarcane crop...?,सर आप Chlorantranilliprole 18.5 SC 150ml प्रति एकड़ 200 लीटर पानी में घोलकर प्रयोग करें,english,hindi
Sugar and Starch Crops,Sugarcane (Noble Cane),BULANDSHAHAR,"कार्बोफ़ुरोन 3%  जी 25-30 किलो प्रति हेक्टेयर भुरकाव करें। 
",ASKED  ABOUT INSECT CONTROL IN [ID] ?,Plant Protection,Zaid,5,2024,ASKED ABOUT INSECT CONTROL IN [ID] ?,कार्बोफ़ुरोन 3 जी 25-30 किलो प्रति हेक्टेयर भुरकाव करें।,english,hindi
Sugar and Starch Crops,Sugarcane (Noble Cane),MORADABAD,"श्रीमान जी आप  [ID] 50% + [ID] 5% EC 700ml/200 लीटर  पानी  में  घोल  बना  कर  स्प्रे  करे  गन्ना  के  फसल  में /acor के  दर  से
",Information about of Insect management in sugarcane crop ? ,Fertilizer Use and Availability,Kharif,6,2023,Information about of Insect management in sugarcane crop ?,श्रीमान जी आप [ID] 50 [ID] 5 EC 700ml 200 लीटर पानी में घोल बना कर स्प्रे करे गन्ना के फसल में acor के दर से,english,hindi
Sugar and Starch Crops,Sugarcane (Noble Cane),AZAMGARH,"श्रीमान जी,यूरिया 30-35 kg  , डाई अमोनियम फास्फेट 70 kg, म्यूरेट आफ पोटाश 26 kg प्रति एकड़ की दर से प्रयोग करें |",Information about fertilizer management in the Sugarcane crop,Fertilizer Use and Availability,Rabi,2,2025,Information about fertilizer management in the Sugarcane crop,"श्रीमान जी,यूरिया 30-35 kg , डाई अमोनियम फास्फेट 70 kg, म्यूरेट आफ पोटाश 26 kg प्रति एकड़ की दर से प्रयोग करें",english,hindi
Sugar and Starch Crops,Sugarcane (Noble Cane),MAHARAHGANJ,NPK 19:19:19 की 1 किलोग्राम मात्र/एकड़ की दर से उपयोग की जाती हैं ,NPK 19:19:19 DOSE per acre?,Fertilizer Use and Availability,Rabi,2,2021,NPK 19 19 19 DOSE per acre?,NPK 19 19 19 की 1 किलोग्राम मात्र एकड़ की दर से उपयोग की जाती हैं,english,hindi
Sugar and Starch Crops,Sugarcane (Noble Cane),BIJNOR,श्रीमान जी गन्ने की पेड़ी में एन.पी.के 12:32:16 का 100 kg एवं पोटाश 15 kg और सागरिका 10 kg प्रति एकड़ की दर से नमी में प्रयोग करें,Give information about Fertilizer use in Sugarcane ...?,Fertilizer Use and Availability,Zaid,4,2023,Give information about Fertilizer use in Sugarcane ...?,श्रीमान जी गन्ने की पेड़ी में एन.पी.के 12 32 16 का 100 kg एवं पोटाश 15 kg और सागरिका 10 kg प्रति एकड़ की दर से नमी में प्रयोग करें,english,hindi
Sugar and Starch Crops,Sugarcane (Noble Cane),MEERUT,"महोदय,
 गन्ने की फसल में - यूरिया की मात्रा- 55 किग्रा + ट्राईकॉन्टानॉल 0.05% जीआर की मात्रा- 10 किलोग्राम/एकड़, प्रयोग करे / ", Information about Fertilizers Dose use in sugarcane crop ? ,Fertilizer Use and Availability,Kharif,6,2023,Information about Fertilizers Dose use in sugarcane crop ?,"महोदय, गन्ने की फसल में - यूरिया की मात्रा- 55 किग्रा ट्राईकॉन्टानॉल 0.05 जीआर की मात्रा- 10 किलोग्राम एकड़, प्रयोग करे",english,hindi
Sugar and Starch Crops,Sugarcane (Noble Cane),SAHARANPUR,श्रीमान जी गन्ने की फसल में डीएपी (फास्फोरस) का प्रयोग खेत की तैयारी के समय ही किया जाता है तथा इस समय गन्ने के खेत में डीएपी (फास्फोरस) डालकर गुड़ाई कर सकते हैं|,How to supply DAP in sugarcane crop?,Fertilizer Use and Availability,Zaid,4,2021,How to supply DAP in sugarcane crop?,श्रीमान जी गन्ने की फसल में डीएपी (फास्फोरस) का प्रयोग खेत की तैयारी के समय ही किया जाता है तथा इस समय गन्ने के खेत में डीएपी (फास्फोरस) डालकर गुड़ाई कर सकते हैं,english,hindi
Sugar and Starch Crops,Sugarcane (Noble Cane),MEERUT,"श्रीमान जी गन्ने के फसल में यूरिया-30 किलोग्राम,DAP-50 किलोग्राम,पोटाश-35 किलोग्राम/एकर  के  हिसाब  से  प्रयोग  करे
","Nutrient management in Sugarcane crop..?
",Nutrient Management,Rabi,3,2020,Nutrient management in Sugarcane crop..?,"श्रीमान जी गन्ने के फसल में यूरिया-30 किलोग्राम,DAP-50 किलोग्राम,पोटाश-35 किलोग्राम एकर के हिसाब से प्रयोग करे",english,hindi
Sugar and Starch Crops,Sugarcane (Noble Cane),BAGHPAT," श्रीमान जी गन्ने की फसल मेंएनपीके-19:19:19 ,1.5 kg प्रति एकड़ 180-200 लीटर पानी की दर से घोल बनाकर छिड़काव करे |",Give information about good growth of sugarcane ?,Nutrient Management,Rabi,12,2021,Give information about good growth of sugarcane ?,"श्रीमान जी गन्ने की फसल मेंएनपीके-19 19 19 ,1.5 kg प्रति एकड़ 180-200 लीटर पानी की दर से घोल बनाकर छिड़काव करे",english,hindi
Sugar and Starch Crops,Sugarcane (Noble Cane),SITAPUR,श्रीमान आप N P K 19:19:19 @ 2 किलोग्राम /एकर की  दर से 200 लीटर पानी में  घोल बनाकर छिड़काव करे ,Information about nutrient managementof sugarcane crops?,Nutrient Management,Kharif,10,2021,Information about nutrient managementof sugarcane crops?,श्रीमान आप N P K 19 19 19 2 किलोग्राम एकर की दर से 200 लीटर पानी में घोल बनाकर छिड़काव करे,english,hindi
Sugar and Starch Crops,Sugarcane (Noble Cane),BIJNOR,श्रीमान जी कुंड की गहराई 15 से 25 सेंटीमीटर तक रखें,"Nutrient management in Sugarcane crop at the time of sowing...?
",Nutrient Management,Rabi,3,2020,Nutrient management in Sugarcane crop at the time of sowing...?,श्रीमान जी कुंड की गहराई 15 से 25 सेंटीमीटर तक रखें,english,hindi
Sugar and Starch Crops,Sugarcane (Noble Cane),BIJNOR,"श्रीमान जी,गन्ना की फसल में 30 किलोग्राम यूरिया , 5 किलोग्राम जिंक सल्फेट 33% , 10 किलोग्राम सागरिका जैविक पोषक तत्व प्रति एकड़ की दर से प्रयोग करें |  
",Information for plant growth and development in sugarcane crop.?,Nutrient Management,Kharif,7,2025,Information for plant growth and development in sugarcane crop.?,"श्रीमान जी,गन्ना की फसल में 30 किलोग्राम यूरिया , 5 किलोग्राम जिंक सल्फेट 33 , 10 किलोग्राम सागरिका जैविक पोषक तत्व प्रति एकड़ की दर से प्रयोग करें",english,hindi
Sugar and Starch Crops,Sugarcane (Noble Cane),MUZAFFARNAGAR,"श्रीमान जी, गन्ने की बुवाई के समय यूरिया 35 kg  , डाई अमोनियम फास्फेट 70 kg, म्यूरेट आफ पोटाश 26 kg प्रति एकड़ की दर से प्रयोग करें |","Information about fertilizer management in the Sugarcane crop?
",Nutrient Management,Zaid,4,2025,Information about fertilizer management in the Sugarcane crop?,"श्रीमान जी, गन्ने की बुवाई के समय यूरिया 35 kg , डाई अमोनियम फास्फेट 70 kg, म्यूरेट आफ पोटाश 26 kg प्रति एकड़ की दर से प्रयोग करें",english,hindi
Oilseeds,Linseed (alsi),ALLAHABAD,श्रीमान जी अलसी की फसल में खरपतवार नियंत्रण के लिए निराई गुड़ाई कराएं किसी भी खरपतवार नाशक दवा का प्रयोग ना करें,Provide information related to weed control in flaxseed crop,Plant Protection,Rabi,12,2020,Provide information related to weed control in flaxseed crop,श्रीमान जी अलसी की फसल में खरपतवार नियंत्रण के लिए निराई गुड़ाई कराएं किसी भी खरपतवार नाशक दवा का प्रयोग ना करें,english,hindi
Oilseeds,Mustard,GONDA,सरसों की फसल में फूल निकलते समय कोई भी स्प्रे ना करें अगर माहू कीट की समस्या बनती है तब ही कीटनाशक का छिड़काव करें|,"Flowers are coming out in mustard crop, what to spray",Plant Protection,Rabi,2,2023,"Flowers are coming out in mustard crop, what to spray",सरसों की फसल में फूल निकलते समय कोई भी स्प्रे ना करें अगर माहू कीट की समस्या बनती है तब ही कीटनाशक का छिड़काव करें,english,hindi
Oilseeds,Mustard,BASTI,श्रीमान जी आपकी सरसों में फूल निकल रहा है तो वह छोटे किस्म की प्रजाति होगी आपने जहां से बीज खरीदा है वहां पर जाकर संपर्क करें|,Information about early flowering of mustard crop..?,Plant Protection,Rabi,12,2022,Information about early flowering of mustard crop..?,श्रीमान जी आपकी सरसों में फूल निकल रहा है तो वह छोटे किस्म की प्रजाति होगी आपने जहां से बीज खरीदा है वहां पर जाकर संपर्क करें,english,hindi
Oilseeds,Groundnut (pea nut/mung phalli),HAMIRPUR,"श्रीमान जी आप मूंगफली की फसल में Copper Oxychloride 50% WP  400 ग्राम मात्रा प्रति एकड़ के हिसाब से 200 लीटर पानी में घोल बनाकर स्प्रे करें
","Information about of fungus control in groundnut crop ?
",Plant Protection,Kharif,10,2021,Information about of fungus control in groundnut crop ?,श्रीमान जी आप मूंगफली की फसल में Copper Oxychloride 50 WP 400 ग्राम मात्रा प्रति एकड़ के हिसाब से 200 लीटर पानी में घोल बनाकर स्प्रे करें,english,hindi
Oilseeds,Mustard,HARDOI,श्रीमान जी सरसों की फसल में कीट की रोकथाम के लिए  ट्राईजोफास 40 परसेंट एसी 400 मील प्रति एकड़ 200 लीटर पानी में घोल बनाकर छिड़काव करें |,Information about sarson ki phasal me keet ke liye..?,Plant Protection,Kharif,10,2020,Information about sarson ki phasal me keet ke liye..?,श्रीमान जी सरसों की फसल में कीट की रोकथाम के लिए ट्राईजोफास 40 परसेंट एसी 400 मील प्रति एकड़ 200 लीटर पानी में घोल बनाकर छिड़काव करें,english,hindi
Oilseeds,Mustard,AZAMGARH,श्रीमान जी सरसों की फसल में माहू कीट नियंत्रण के लिए मेलाथियान 5% डीपी 8 किलोग्राम प्रति एकड़ डाल सकते हैं,information about control of Mahu insect in mustard crop ?,Plant Protection,Rabi,2,2022,information about control of Mahu insect in mustard crop ?,श्रीमान जी सरसों की फसल में माहू कीट नियंत्रण के लिए मेलाथियान 5 डीपी 8 किलोग्राम प्रति एकड़ डाल सकते हैं,english,hindi
Oilseeds,Mustard,KANPUR CITY,"श्रीमान जी लाही (तोरिया) की प्रजातियां - भवानी, टी -9, पी. टी. 303,  पी. टी. 30, तपेश्वरी 
","Information about variety of rapeseed crop…?
",Varieties,Kharif,8,2021,Information about variety of rapeseed crop ?,"श्रीमान जी लाही (तोरिया) की प्रजातियां - भवानी, टी -9, पी. टी. 303, पी. टी. 30, तपेश्वरी",english,hindi
Oilseeds,Indian rapeseed and mustard (yellow sarson),BAREILLY,"श्रीमान जी राई की प्रजातियां  नरेन्द्र अगेती राई-4,नरेन्द्र स्वर्ण-रार्इ-8 (पीली),नरेन्द्र राई ,PPS-1,(एन०डी०आर०-8501),नरेन्द्र राई2,के०-88,बसंती (पीली)की बुवाई कर सकते हैं |
"," Information about of  mustard variety………..?
",Varieties,Kharif,10,2020,Information about of mustard variety ..?,"श्रीमान जी राई की प्रजातियां नरेन्द्र अगेती राई-4,नरेन्द्र स्वर्ण-रार्इ-8 (पीली),नरेन्द्र राई ,PPS-1,(एन०डी०आर०-8501),नरेन्द्र राई2,के०-88,बसंती (पीली)की बुवाई कर सकते हैं",english,hindi
Oilseeds,Mustard,MAU,SPRAY OF [ID] 0.5 GM PER LITER WATER  USE WHEAT ,ASKED ABOUT TO [ID] [ID]  ?,Varieties,Rabi,1,2023,ASKED ABOUT TO [ID] [ID] ?,SPRAY OF [ID] 0.5 GM PER LITER WATER USE WHEAT,english,english
Oilseeds,Mustard,BAREILLY,श्रीमान जी सरसों की पछेती प्रजाति के रूप में आशीर्वाद अथवा वरदान किस्म का प्रयोग करें,Information about late varieties of Mustard ?...,Varieties,Kharif,10,2022,Information about late varieties of Mustard ?...,श्रीमान जी सरसों की पछेती प्रजाति के रूप में आशीर्वाद अथवा वरदान किस्म का प्रयोग करें,english,hindi
Oilseeds,Mustard,HARDOI,"श्रीमान जी सरसों की प्रजाति हैं जैसे कि वरुणा, माया, रोहिणी, उर्वशी ,वैभव हैं |
","Please tell me about varieties of mustard crop...?
",Varieties,Kharif,9,2021,Please tell me about varieties of mustard crop...?,"श्रीमान जी सरसों की प्रजाति हैं जैसे कि वरुणा, माया, रोहिणी, उर्वशी ,वैभव हैं",english,hindi
Oilseeds,Mustard,FATEHPUR,श्री  मान  जी  सरसो  की  लेट  प्रजाति  - आशिर्बाद  और  वरदान  लगा  सकते  है  .,Varieties in Mustard Crop...?,Varieties,Kharif,10,2021,Varieties in Mustard Crop...?,श्री मान जी सरसो की लेट प्रजाति - आशिर्बाद और वरदान लगा सकते है .,english,hindi
Oilseeds,Mustard,SULTANPUR,"श्री मान जी यूरिया 105 kg (दो भागों में बांटकर), सिंगल सुपर फास्फेट 150 kg, म्यूरेट ऑफ पोटाश 40 kg प्रति एकड़ प्रयोग करे, बिजाई के समय नाइट्रोजन की आधी मात्रा और फासफोरस की पूरी मात्रा डालें और बाकी बची नाइट्रोजन पहली सिंचाई के समय डालें। ",Information about fertilizer management in Mustard .?,Fertilizer Use and Availability,Rabi,11,2022,Information about fertilizer management in Mustard .?,"श्री मान जी यूरिया 105 kg (दो भागों में बांटकर), सिंगल सुपर फास्फेट 150 kg, म्यूरेट ऑफ पोटाश 40 kg प्रति एकड़ प्रयोग करे, बिजाई के समय नाइट्रोजन की आधी मात्रा और फासफोरस की पूरी मात्रा डालें और बाकी बची नाइट्रोजन पहली सिंचाई के समय डालें।",english,hindi
Oilseeds,Mustard,PILIBHIT,"श्रीमान जी सरसों की फसल में 85 किलोग्राम यूरिया, 52 किलोग्राम डीएपी तथा 40 किलोग्राम म्यूरेट आफ पोटाश की मात्रा प्रति एकड़ की दर से प्रयोग करें यूरिया की आधी मात्रा तथा डीएपी और पोटाश की पूरी मात्रा बुवाई के समय तथा शेष यूरिया की आधी मात्रा पहली सिंचाई के बाद में प्रयोग करें |
","Provide information about manure and fertilizer in mustard crop ?
",Fertilizer Use and Availability,Rabi,11,2022,Provide information about manure and fertilizer in mustard crop ?,"श्रीमान जी सरसों की फसल में 85 किलोग्राम यूरिया, 52 किलोग्राम डीएपी तथा 40 किलोग्राम म्यूरेट आफ पोटाश की मात्रा प्रति एकड़ की दर से प्रयोग करें यूरिया की आधी मात्रा तथा डीएपी और पोटाश की पूरी मात्रा बुवाई के समय तथा शेष यूरिया की आधी मात्रा पहली सिंचाई के बाद में प्रयोग करें",english,hindi
Oilseeds,Mustard,HARDOI,श्रीमान जी आप सरसो की फसल में प्रथम सिंचाई के बाद यूरिया 40-50 किलोग्राम/एकड़ और दानेदार सल्फर 8 किलोग्राम/एकड़ या सल्फर 90 % WDG 3  किलो/ एकड़ की दर से प्रयोग करे,Give information about the first top dressing fertilizer used in mustard crops.,Fertilizer Use and Availability,Rabi,11,2023,Give information about the first top dressing fertilizer used in mustard crops.,श्रीमान जी आप सरसो की फसल में प्रथम सिंचाई के बाद यूरिया 40-50 किलोग्राम एकड़ और दानेदार सल्फर 8 किलोग्राम एकड़ या सल्फर 90 WDG 3 किलो एकड़ की दर से प्रयोग करे,english,hindi
Oilseeds,Mustard,GORAKHPUR,"श्रीमान जी सरसों की फसल में 35 से 40 किलोग्राम यूरिया , 5 किलोग्राम सल्फर 90 परसेंट बेंटोनाइट तथा 10 किलोग्राम सागरिका जैविक पोषक तत्व प्रति एकड़ की दर से प्रयोग करें |
",Information about the first top dressing fertilizer application in Mustard,Fertilizer Use and Availability,Rabi,12,2022,Information about the first top dressing fertilizer application in Mustard,"श्रीमान जी सरसों की फसल में 35 से 40 किलोग्राम यूरिया , 5 किलोग्राम सल्फर 90 परसेंट बेंटोनाइट तथा 10 किलोग्राम सागरिका जैविक पोषक तत्व प्रति एकड़ की दर से प्रयोग करें",english,hindi
Oilseeds,Mustard,JAUNPUR,"महोदय जी आप सरसों की फसल में 210 किलोग्राम यूरिया ,130 किलोग्राम डीएपी ,100 किलोग्राम म्यूरेट आफ पोटाश प्रति हेक्टेयर की दर से दें",Give information about the dose of fertilizer in mustard crop ?,Fertilizer Use and Availability,Rabi,11,2021,Give information about the dose of fertilizer in mustard crop ?,"महोदय जी आप सरसों की फसल में 210 किलोग्राम यूरिया ,130 किलोग्राम डीएपी ,100 किलोग्राम म्यूरेट आफ पोटाश प्रति हेक्टेयर की दर से दें",english,hindi
Oilseeds,Mustard,GHAZIPUR,"श्रीमान जी,सरसों की फसल में पहली सिंचाई बुवाई के 30-35 दिन पर करें सिंचाई के बाद सरसों की फसल में 35 से 40 किलोग्राम यूरिया , 5 किलोग्राम सल्फर 90 परसेंट बेंटोनाइट तथा 10 किलोग्राम सागरिका जैविक पोषक तत्व प्रति एकड़ की दर से प्रयोग करें |
",Information about first irrigation and fertilizer dose in Mustard crop?..,Fertilizer Use and Availability,Rabi,11,2024,Information about first irrigation and fertilizer dose in Mustard crop?..,"श्रीमान जी,सरसों की फसल में पहली सिंचाई बुवाई के 30-35 दिन पर करें सिंचाई के बाद सरसों की फसल में 35 से 40 किलोग्राम यूरिया , 5 किलोग्राम सल्फर 90 परसेंट बेंटोनाइट तथा 10 किलोग्राम सागरिका जैविक पोषक तत्व प्रति एकड़ की दर से प्रयोग करें",english,hindi
