BlockName,Category,CreatedOn,Crop,DistrictName,KCCCallID,KccAns,QueryText,QueryType,Season,Sector,StateName,day,month,year,Season_clean,QueryText_length,KccAns_length,combined_length
SHAHABAD,Others,2021-12-12T15:05:02.76,Others,RAMPUR,7242632,सर आप प्रधानमंत्री किसान सम्मान निधि के तहत पंजीकरण विवरण अपडेट कराने के लिए जिला के उप कृषि निदेशक कार्यालय से संपर्क करें |,Information about beneficiary status of PM Kisan Samman Nidhi....?,Government Schemes,,AGRICULTURE,UTTAR PRADESH,12,12,2021,Unknown,66,125,191
BAGHPAT,Others,2023-03-01T17:01:21.37,Others,BAGHPAT,4452679,"महोदय,आप प्रधान मंत्री किसान सम्मान निधि योजना से सम्बंधित जानकारी हेतु इस नंबर पर संपर्क करे-1800-11-5526/155261
","Information about Pradhan mantri kisan samman nidhi yojana contact number  ?
",Government Schemes,,AGRICULTURE,UTTAR PRADESH,1,3,2023,Unknown,78,115,193
MUFTI GANJ,Others,2023-02-28T12:39:21.767,Others,JAUNPUR,4429480,"-श्रीमान जी आपका पीएम किसान सम्मान निधि स्टेटस में Correction is pending at state दिखा रहा है इसके लिए  सभी दस्तावेजों के साथ जिले के कृषि उपनिदेशक जी से संपर्क करें|
","  Provide about information of PM kisan samman nidhi scheme beneficiary status ?
",Government Schemes,,AGRICULTURE,UTTAR PRADESH,28,2,2023,Unknown,82,168,250
MARTINGANJ,Others,2022-03-06T10:15:35.533,Others,AZAMGARH,821275,"श्रीमान जी पीएम किसान योजना के अंतर्गत सभी लाभार्थी का e-KYC दिनांक 31.03.2022 तक होना अनिवार्य है।  e-KYC के लिए PM-किसान पोर्टल (https://pmkisan.gov.in/) पर “Farmer Corner” मेनू में सुविधा उपलब्ध है। लाभार्थी का मोबाइल नंबर यदि आधार से जुड़ा है तब लाभार्थी e-KYC घर बैठे OTP के माध्यम से निःशुल्क कर सकते हैं अन्यथा अपने पास के CSC/ जनसेवा केंद्र से कर सकते हैं। 
",Give information for updating eKYC under pradhan mantri samman nidhi scheme?,Government Schemes,,AGRICULTURE,UTTAR PRADESH,6,3,2022,Unknown,76,366,442
0   ,Others,2024-01-29T09:32:09.137,Others,SAHARANPUR,241937,"किसान कॉल सेंटर में कॉल करने के लिए धन्यवाद 
","FOR CALLING KISAAN CALL CENTER
",Government Schemes,,AGRICULTURE,UTTAR PRADESH,29,1,2024,Unknown,32,46,78
ARAON,Others,2022-01-22T11:52:07.033,Others,FIROZABAD,353387,"महोदय, प्रधानमंत्री किसान सम्मान निधि योजना के अंतर्गत आपका पंजीकरण राज्य / जिला स्तर पर अनुमोदन के लिए लंबित है, अधिक जानकारी के लिए जिले के उप कृषि निदेशक कार्यालय या राष्ट्रीय कृषि बीज भंडार प्रभारी जी से संपर्क करें | ",Information of PM Kisan Samman Nidhi know beneficiary status ...?,Government Schemes,,AGRICULTURE,UTTAR PRADESH,22,1,2022,Unknown,65,222,287
BARKHERA,Others,2023-03-15T17:02:24.95,Others,PILIBHIT,4645344,"श्रीमान जी, आपके क्षेत्र में आज 15 से 21 मार्च तक का मौसम ज्ञात हो रहा है, आंशिक रूप से बादल छाए रह सकते हैं|17,18 और 19 मार्च को बूंदाबांदी की संभावनाएं बनी हुई है, आज का अधिकतम तापमान 28 डिग्री सेल्सियस तथा न्यूनतम तापमान 21 डिग्री सेल्सियस दर्ज किया जा रहा है हवा की गति 04 से 07 किलोमीटर प्रति घंटे की दर से चलने की संभावना है, कृषि कार्य अपने क्षेत्र के मौसम के अनुसार करें |  ",Farmer asked query on Weather,Weather,,AGRICULTURE,UTTAR PRADESH,15,3,2023,Unknown,29,382,411
BARNAHAL,Others,2023-06-27T16:40:17.147,Others,MAINPURI,5690688,"महोदय, 27 जून से 3 जुलाई तक बूंदाबांदी और बारिश की संभावना है, बादल आंशिक रूप से छाए रहेंगे, आज का न्यूनतम और अधिकतम तापमान 27° C - 32° C तथा हवा की गति 7 - 11 किलोमीटर प्रति घंटा रहने की संभावना है, मौसम के अनुसार कृषि कार्य करें ",Farmer asked query on Weather,Weather,,AGRICULTURE,UTTAR PRADESH,27,6,2023,Unknown,29,231,260
KALAN,Others,2024-02-17T19:14:49.353,Others,SHAHJAHANPUR,417357,"श्रीमान जी, आपके क्षेत्र में 17 फ़रवरी से 23 फ़रवरी तक का मौसम ज्ञात हो रहा है | 20-22 फ़रवरी को आंशिक बादल के साथ  बारिश तथा बूंदाबांदी की संभावना है |आज का अधिकतम तापमान 16 डिग्री सेल्सियस तथा न्यूनतम तापमान 11 डिग्री सेल्सियस, हवा की गति 07-11 किलोमीटर प्रति घंटे की गति से चलने की संभावना है, कृषि कार्य अपने क्षेत्र के मौसम के अनुसार करें।",Farmer asked query on Weather,Weather,,AGRICULTURE,UTTAR PRADESH,17,2,2024,Unknown,29,341,370
Behjoi,Others,2020-07-19T10:30:02.86,Others,SAMBAL (BHIM NAGAR),1991420,"
महोदय, 19 जुलाई से 24 जुलाई तक को बूंदा-बंदी के साथ 22 मिलीमीटर  बारिश होने की संभावना है, 19 जुलाई से 24 जुलाई आंशिक रूप से बादल छाए रहेंगे। आज का न्यूनतम तापमान 30° C और अधिकतम तापमान 35 ° C है और हवा की गति 7 -11 किलोमीटर प्रति घंटा रहने की संभावना है। मौसम के अनुसार कृषि कार्य करें।
",Give Me About Weather Information of Block-Behjoi in District-Sambal …?,Weather,,AGRICULTURE,UTTAR PRADESH,19,7,2020,Unknown,71,291,362
MILAK,Others,2023-10-15T09:18:47.8,Others,RAMPUR,7073557,"श्रीमान जी , 15  से 21 अक्टूबर तक हल्के बादल है, 16 , 17 अक्टूबर को हलकी बूंदा बांदी की संभावना है, आज का न्यूनतम तापमान 23°C और अधिकतम तापमान 33°Cहै और हवा की गति 4 से 7 किलोमीटर प्रति घंटा चलने की संभावना है मौसम के अनुसार कृषि  कार्य करे  ",Farmer asked query on Weather,Weather,,AGRICULTURE,UTTAR PRADESH,15,10,2023,Unknown,29,242,271
PAHARI,Others,2021-11-20T07:21:44.66,Others,CHITRAKOOT,6933040,मौसम का पूर्वानुमान  संभावना है अगले पांच दिनों में मध्यम से बादल छाए रहेंगे और बारिश की कोई भी संभावना नहीं है और आज की अपेक्षा अधिकतम तापमान 26°C और न्यूनतम तापमान 14°C और होता है हवा की गति 7 किलोमीटर प्रति घंटा चलने की संभावना है मौसम को ध्यान में रखते हुए सिंचाई करें।,Information about weather forecast of Block Raipura in District Chitrakoot ?,Weather,,AGRICULTURE,UTTAR PRADESH,20,11,2021,Unknown,76,273,349
MOTH,Others,2021-12-16T13:27:19.637,Others,JHANSI,7296750,श्रीमान जी प्रकाश मटर की प्रजाति में फूल बुवाई के लगभग 45 से 50 दिन बाद आते हैं |,Information about how many days do flowers come in prakash variety of pea ?,Cultural Practices,,AGRICULTURE,UTTAR PRADESH,16,12,2021,Unknown,75,81,156
BANDA,Others,2023-02-15T13:58:40.64,Others,SHAHJAHANPUR,4302720,"श्रीमान जी,चिया सीड की खेती के लिए आप कंपनी से कॉन्ट्रैक्ट करके खेती करें| ",Information about of Chia seeds ?,Cultural Practices,,AGRICULTURE,UTTAR PRADESH,15,2,2023,Unknown,33,75,108
MOHANLALGANJ,Others,2021-03-13T16:43:58.14,Others,LUCKNOW,4305806,"महोदय , खेती से अधिक आय के लिए कृषि वानिकी , कृषि बागवानी , पशुपालन आदि को करें
",Information about how to get more income from farming   ?,Cultural Practices,,AGRICULTURE,UTTAR PRADESH,13,3,2021,Unknown,57,81,138
MAHRAJGANJ,Others,2020-11-02T20:32:15.163,Others,RAEBARELI,3109165,"श्रीमान जी मुख्य रूप से धान के पुआल का प्रबंध करने के लिए पैड़ी स्ट्रॉ चॉपर का प्रयोग करें फसल अवशेष मैनेजमेंट के अंतर्गत और भी कृषि यंत्र हैं जैसे कि सुपरस्टार मैनेजमेंट सिस्टम, रोटरी स्लेसर, वेल्डिंग मशीन, क्रॉप रीपर, रीपर कमबाइंडर |",Information about crop straw management equipment....?,Cultural Practices,,AGRICULTURE,UTTAR PRADESH,2,11,2020,Unknown,54,235,289
DHANAURA,Others,2023-10-20T10:56:11.903,Others,JYOTIBA PHULE NAGAR,7129032,श्रीमान जीट्राइकोडर्मा तैयार करने के लिए1 किलोग्राम ट्रिकोडरमाको1 किलोग्राम को25 से 30 किलोग्राम गोबर की पुरानी साड़ी खाद मेंमिलकर की एक हफ्ते के लिए छायादार स्थान में रखने के बाद प्रयोग करें |,Information about the use of Trichoderma?,Cultural Practices,,AGRICULTURE,UTTAR PRADESH,20,10,2023,Unknown,41,193,234
LONI,Others,2022-11-25T10:59:59.46,Others,GHAZIABAD,3468186,केसर की खेती ठंडे प्रदेशों में की जाती है |,FARMER ASKED [ID] OF SAFRON ?,Cultural Practices,,AGRICULTURE,UTTAR PRADESH,25,11,2022,Unknown,36,43,79
ASPUR DEOSARA,Cereals,2020-03-15T15:07:17.16,Wheat,PRATAPGARH,1601043,महोदय 15 मार्च से 20 मार्च तक बारिश की कोई सम्भावना नहीं है आंशिक रूप से बादल छाए रहेंगे और आज का अधिकतम तापमान 25 डिग्री सेल्सियस और न्यूनतम तापमान 16 डिग्री सेल्सियस और हवा की गति अधिकतम 22 किमी / घंटा और न्यूनतम 07 किमी / घंटा है। आप मौसम के अनुसार कृषि कार्य करें। ,Information about weather forecast of Block Singramau in District Jaunpur..?,Weather,,AGRICULTURE,UTTAR PRADESH,15,3,2020,Unknown,76,269,345
JALAL PUR,Cereals,2021-01-12T18:50:10.38,Wheat,AMBEDKAR NAGAR,3598090,"श्रीमान जी आपके क्षेत्र में आज से लेकर 17 जनवरी के बीच में आंशिक रूप से बादल छाए रहने की संभावना बनी हुई है, इस सप्ताह का मिनिमम तापमान 7 डिग्री सेंटीग्रेड और अधिकतम 19 डिग्री सेंटीग्रेड और हवाओं की गति 4 से 11 किलोमीटर प्रति घंटा की रफ्तार से रहने की संभावना बनी हुई है | मौसम के अनुसार कृषि कार्य करें |
","Information about of weather in block Jalalpur District Ambedkar Nagar..?
",Weather,,AGRICULTURE,UTTAR PRADESH,12,1,2021,Unknown,75,307,382
BIGHAPUR,Cereals,2022-06-17T09:11:05.227,Paddy (Dhan),UNNAO,1638468,"श्रीमान जी आपके क्षेत्र में 17 जून से 22 जून के बीच आंशिक रूप से बादल छाए रहेंगे एवं हल्की बूंदाबांदी होने की संभावना है, अधिकतम तापमान 38 डिग्री सेल्सियस न्यूनतम तापमान 32 डिग्री सेल्सियस तथा हवा की गति न्यूनतम 11 किलोमीटर प्रति घंटे अधिकतम 22 किलोमीटर प्रति घंटे रहने की संभावना है आप मौसम के अनुसार कृषि कार्य करें |",Farmer asked query on Weather,Weather,,AGRICULTURE,UTTAR PRADESH,17,6,2022,Unknown,29,319,348
LAMBHUA,Cereals,2021-06-03T16:42:41.56,Paddy (Dhan),SULTANPUR,4798331,"श्री मान जी 3 जून से 8 जून के बीच हल्की बूंदा बांदी होने की संभावना है,आंशिक रूप से बादल छाए रहेंगे। आज का न्यूनतम तापमान 28°C और अधिकतम तापमान 35°C एवं हवा की गति 4-7 किलोमीटर प्रति घंटा रहने की संभावना है। मौसम के अनुसार कृषि कार्य को करें l","Information About Weather Forecast of Block Lambhua in District Sultanpur ?
",Weather,,AGRICULTURE,UTTAR PRADESH,3,6,2021,Unknown,77,243,320
BILSANDA,Cereals,2021-12-03T06:31:52.71,Wheat,PILIBHIT,7123477,श्रीमान जी आपके क्षेत्र में आज से 8 दिसंबर तक के बीच 6 को बूंदाबांदी तथा शेष दिन बादल छाए रहने की संभावना देखी जा रही है आज का न्यूनतम तापमान 17 डिग्री सेंटीग्रेड और अधिकतम 28 डिग्री सेंटीग्रेड रहने की संभावना है हवा की गति 4-11 किलोमीटर प्रति घंटा की रफ्तार तक चलने की संभावना बनी हुई है आप मौसम के अनुसार कृषि कार्य करें | ,"Information about weather forecast of block-Bilsanda in District-Pilibhit ..?
",Weather,,AGRICULTURE,UTTAR PRADESH,3,12,2021,Unknown,79,325,404
GARH MUKTESHWAR,Cereals,2023-07-25T20:58:43.74,Paddy (Dhan),HAPUR (PANCHSHEEL NAGAR),6061675,"महोदय, 25 जुलाई   से 31 जुलाई तक हल्की बूंदाबांदी और हल्की बारिश की संभावना है और आंशिक रूप से बादल छाए रहेंगे। आज का न्यूनतम तापमान 28 डिग्री सेल्सियस और अधिकतम तापमान 30 डिग्री सेल्सियस और हवा की गति 7-11 किमी प्रति घंटे रहने की उम्मीद मौसम के अनुसार कृषि कार्य करे",Farmer asked query on Weather,Weather,,AGRICULTURE,UTTAR PRADESH,25,7,2023,Unknown,29,267,296
SAHABGANJ,Cereals,2025-06-26T09:29:58.69,Paddy (Dhan),CHANDAULI,4685308,महोदय मौसम विभाग के पूर्वानुमान के अनुसार आपके क्षेत्र में आज से 2 जुलाई तक आंशिक रूप से बादल छाए रहेंगे हल्की बूंदाबांदी से लेकर मध्यम बारिश की संभावना है आज का न्यूनतम तापमान 29 डिग्री सेंटीग्रेड अधिकतम तापमान 32 डिग्री सेंटीग्रेड तक रहेगा हवा की गति 4-22 किलोमीटर प्रति घंटा रहेगी,Farmer asked query on Weather,Plant Protection,,AGRICULTURE,UTTAR PRADESH,26,6,2025,Unknown,29,283,312
Ganj Dundwara,Cereals,2020-09-04T20:44:12.657,Paddy (Dhan),KANSHIRAM NAGAR,2618580,"श्री मान जी आप धान की फसल में - कार्बेन्डाजिम 12 % + मैंकोजेब 63 % की 400 ग्राम मात्रा 200 लीटर पानी में घोल बनाकर / एकर के हिसाब से स्प्रे करे |
","Information about Fungus control in Paddy Crop ..?
",Plant Protection,,AGRICULTURE,UTTAR PRADESH,4,9,2020,Unknown,52,147,199
DHAULANA,Cereals,2022-09-27T14:04:05.327,Paddy (Dhan),HAPUR (PANCHSHEEL NAGAR),2754328,"महोदय, धान में कीट के नियंत्रण के लिए Monocrotophos 36% SL @ 350 ml / एकर 200 लीटर पानी में घोलकर छिड़काव करे |",Plant protection measure insect control of paddy crops ...?,Plant Protection,,AGRICULTURE,UTTAR PRADESH,27,9,2022,Unknown,59,110,169
BANKI,Cereals,2023-06-22T06:54:35.9,Paddy (Dhan),BARABANKI,5615191,श्रीमान जी आप धान की नर्सरी में Copper Oxychloride 50% WP 2 ग्राम प्रति लीटर पानी की दर से घोल बना कर स्प्रे करें,The leaves of the paddy nursery are turning yellow and drying up.,Plant Protection,,AGRICULTURE,UTTAR PRADESH,22,6,2023,Unknown,65,113,178
HARGAON,Cereals,2020-08-14T15:45:24.667,Paddy (Dhan),SITAPUR,2416629,धान में दीमक नियंत्रण के लिए - क्लोरोपायरीफॉस 20% EC @ 1.5 लीटर  /एकड़ की दर से सिचाई पानी के साथ प्रयोग करे,Termites Control information of paddy crop ?,Plant Protection,,AGRICULTURE,UTTAR PRADESH,14,8,2020,Unknown,44,108,152
MILAK,Cereals,2022-01-31T08:31:43.743,Wheat,RAMPUR,475369,श्रीमान जी आप गेहूं की फसल में Dimethoate 30% EC @400ml प्रति एकड़ 200 लीटर पानी में घोल बनाकर स्प्रे करवाएं |,Information About Insect Control In Wheat Crop ?,Plant Protection,,AGRICULTURE,UTTAR PRADESH,31,1,2022,Unknown,48,110,158
LALGANJ,Cereals,2025-01-07T08:45:24.793,Wheat,PRATAPGARH,3405788,"श्रीमान जी, मौसम विभाग के पूर्वानुमान के अनुसार आपके क्षेत्र में 07 जनवरी से 13 जनवरी तक का मौसम ज्ञात हो रहा है 12 जनवरी को बूँदाबाँदी तथा अन्य दिनों में बादल बने रहने की संभावनाएं हैं | आज का अधिकतम तापमान 15 डिग्री सेंटीग्रेड तथा न्यूनतम तापमान 11 डिग्री सेंटीग्रेड, हवा की गति 04-07 किलोमीटर प्रति घंटा की गति से चलने की संभावना है, कृषि कार्य अपने क्षेत्र के मौसम के अनुसार करें | 

",Farmer asked query on Weather,Water Management,,AGRICULTURE,UTTAR PRADESH,7,1,2025,Unknown,29,390,419
KOTHAWAN,Cereals,2024-08-19T16:19:20.397,Paddy (Dhan),HARDOI,2219371,"श्रीमान जी, मौसम विभाग के पूर्वानुमान के अनुसार आपके क्षेत्र में 19 अगस्त से 25 अगस्त तक का मौसम ज्ञात हो रहा है | सभी दिनों में बादल बने रहने के साथ 19 से 21 अगस्त तक मध्यम बारिश तथा अन्य दिनों में बूँदाबाँदी की संभावनाएं देखी जा रही है, आज का अधिकतम तापमान 31 डिग्री सेल्सियस तथा न्यूनतम तापमान 27 डिग्री सेल्सियस, हवा की गति 04-07 किलोमीटर प्रति घंटे की गति से चलने की संभावना है, धान की सिचाई अपने क्षेत्र के मौसम के अनुसार करें|",Farmer asked query on Weather,Water Management,,AGRICULTURE,UTTAR PRADESH,19,8,2024,Unknown,29,433,462
KASIMABAD,Cereals,2024-08-21T15:43:43.94,Paddy (Dhan),GHAZIPUR,2239149,  श्रीमान जी  मौसम विभाग के पूर्वानुमान के अनुसार आपके जिला- गाजीपुर और ब्लॉक-कासिमाबाद में 21 अगस्त  से 27 अगस्त   के बीच हल्के बादल और हल्की बूंदाबांदी  की संभावना है आज का न्यूनतम तापमान 29 ° C अधिकतम तापमान 31°C और हवा की गति 4 किलोमीटर से लेकर 7 किलोमीटर प्रति घंटे रहने की संभावना है मौसम के अनुसार धान फसल की सिंचाई करें। ,Farmer asked query on Weather,Water Management,,AGRICULTURE,UTTAR PRADESH,21,8,2024,Unknown,29,329,358
BIKAPUR,Cereals,2024-10-01T15:11:36.37,Paddy (Dhan),FAIZABAD,2631803,"महोदय आप के यहाँ 1-7 अक्टूबर के बीच हल्के बादल और 2-5 मिमी तक बारिस की सम्भावना है  / आज का अधिकतम तापमान 30 डिग्री सेल्सियस है,और न्यूनतम तापमान 24 डिग्री सेल्सियस है, हवा की गति 7-11 किलोमीटर प्रति घंटा है /कृपया मौसम को देखकर कृषि कार्य करें / 
",Farmer asked query on Weather,Water Management,,AGRICULTURE,UTTAR PRADESH,1,10,2024,Unknown,29,249,278
UMARDA,Cereals,2024-12-07T07:44:03.82,Wheat,KANNAUJ,3194319,"श्रीमान जी,7 से 13 दिसंबर के बीच मौसम साफ रहने की संभावना है,आज का न्यूनतम तापमान 9 ° C और अधिकतम तापमान 23 ° C एवं हवा की गति 4-7 किलोमीटर प्रति घंटा रहने की संभावना है। गेहूं की फसल में सिंचाई मौसम के अनुसार करें |",Farmer asked query on Weather,Water Management,,AGRICULTURE,UTTAR PRADESH,7,12,2024,Unknown,29,216,245
SANDI,Cereals,2025-02-18T15:16:00.227,Wheat,HARDOI,3664291,"महोदय भारतीय मौसम विभाग के पूर्वानुमान के अनुसार जिला आपका Hardoi के ब्लॉक Sandi में 18 फरवरी से 24 फरवरी के बीच में बूंदाबांदी होने की संभावना है,आंशिक रूप से बादल छाए रहेंगे, आज का अधिकतम तापमान 28 डिग्री सेल्सियस और न्यूनतम तापमान 18 डिग्री सेल्सियस एवं हवा की गति 4 से 7  किलोमीटर प्रति घंटे की रफ्तार से चलने की संभावना है,मौसम के अनुसार आप गेहूं की फसल की सिंचाई कर सकते हैं| ",Farmer asked query on Weather,Water Management,,AGRICULTURE,UTTAR PRADESH,18,2,2025,Unknown,29,382,411
HAIDARGARH,Vegetables,2020-02-02T12:10:07.433,Spinach (Palak),BARABANKI,1192576,सर आप पालक के खेत में 5kg मेलाथियान 5%dp का चारों तरफ से बुरकाव  करें और 3kg Forate 10g  दानेदार वाली लेकर खेत के चारों तरफ हल्का सा लाइन बना दें या घेराबंदी कर दे,Information about of insect attack in spinach crop ?,Plant Protection,,HORTICULTURE,UTTAR PRADESH,2,2,2020,Unknown,52,163,215
NARAINPUR,Vegetables,2022-02-11T17:15:25.29,Pumpkin,MIRZAPUR,620026,Sir aap Acetamiprid 20% SP @ 20 gram prati acre ki dar se spray kare.,Fruit fly control information about Pumpkin crop...?,Plant Protection,,HORTICULTURE,UTTAR PRADESH,11,2,2022,Unknown,52,69,121
HASWA,Vegetables,2023-03-07T15:20:38.007,Tomato,FATEHPUR,4537556,श्रीमान जी टमाटर की फसल में यदि बहुतायत मात्रा में फूलों एवं फलों झड़ने की शिकायत है तो आप नेप्थलीन एसिटिक एसिड (प्लानोफिक्स ) @ 4 लीटर पानी में 1 मिलीलीटर दवा मिश्रण तैयार कर छिड़काव करवा सकते हैं | ,"Information about  Flower dropping problem in tomato crop ? 
",Plant Protection,,HORTICULTURE,UTTAR PRADESH,7,3,2023,Unknown,62,200,262
PHOOLBEHAR,Vegetables,2021-04-02T07:55:11.387,Ribbed Gourd (Kali Tori),KHERI,4533408,"ट्राईकांटेनाल 0.05%GR,8-10kg प्रति एकर12kg यूरिया में मिलाकर बुवाई कीजिये |
or सागरिका,8-10kgप्रति एकर 15kg यूरिया में मिलाकर बुवाई कीजिये |",Problem of Growth in Ribbed Gourd crop.....?	,Plant Protection,,HORTICULTURE,UTTAR PRADESH,2,4,2021,Unknown,45,141,186
DAHGAVAN,Vegetables,2022-12-14T16:32:16.267,Potato,BADAUN,3659788,श्रीमान जी मैनकोज़ेब 75% डब्ल्यूपी 2 ग्राम + Dimethoate 30% EC और  स्टीकर 1ml प्रति लीटर पानी  में घोलकर स्प्रे करें,Alu ki pattiya sikud rahi hai aur pala se bachane ke liye kya kare ,Plant Protection,,HORTICULTURE,UTTAR PRADESH,14,12,2022,Unknown,67,116,183
JALALABAD,Vegetables,2023-01-18T09:53:39.1,Pea (Vegetable),SHAHJAHANPUR,4014188,महोदया मटर की फसल में फूल को गिरने से बचाने के लिए प्लानोफिक्स दवा 40ml मात्रा 150 लीटर पानी में घोल बनाकर प्रति एकड़ की दर से छिड़काव करें |,Information about control of flower drop in pea crop ?,Plant Protection,,HORTICULTURE,UTTAR PRADESH,18,1,2023,Unknown,54,141,195
MEHRONI,Vegetables,2021-02-16T09:16:26.99,Pea (Vegetable),LALITPUR,3993898,श्रीमान जी 16 से 21 फरवरी तक मौसम में हलके फुल्के बादल तो बने रहेंगे लेकिन मौसम साफ रहेगा बारिश की कोई संभावना नहीं है आज का न्यूनतम तापमान 17 डिग्री सेंटीग्रेड और अधिकतम तापमान 28 डिग्री सेंटीग्रेड हवा की गति 7 किलोमीटर प्रति घंटा है मौसम को देखकर कृषि कार्य करें .,Information About Weather forecast of Block Mehroni in District .Lalitpur.. ?,Weather,,HORTICULTURE,UTTAR PRADESH,16,2,2021,Unknown,77,266,343
GYANPUR,Vegetables,2021-10-08T07:43:43.677,Potato,SANT RAVIDAS NAGAR BHADOHI,6295723,"श्रीमान जी , आपके यहां आज आज 8 अक्टूबर से 13 अक्टूबर मौसम साफ रहने की संभावना है, बादल आंशिक रूप से बने रहेंगे, आज अधिकतम तापमान 32 ° C और न्यूनतम तापमान 29 ° C है और हवा की गति 7 से 11 किलोमीटर प्रति घंटा चलने की सम्भावना है , कृषि कार्य मौसम के अनुसार करे । ",Information about weather forecast of Block Gyanpur in dist...Sant ravidas nagar ......?,Weather,,HORTICULTURE,UTTAR PRADESH,8,10,2021,Unknown,88,260,348
KONCH,Vegetables,2024-03-07T10:17:11.747,Pea (Vegetable),JALAUN,639552,"श्रीमान जी , आपके यहां आज 7 मार्च से 13 मार्च तक मौसम साफ रहने की संभावना है, बादल आंशिक रूप से बने रहेंगे, आज अधिकतम तापमान 25 ° C और न्यूनतम तापमान 15 ° C है और हवा की गति 7 से 11 किलोमीटर प्रति घंटा चलने की सम्भावना है , कृषि कार्य मौसम के अनुसार करे ।",Farmer asked query on Weather,Weather,,HORTICULTURE,UTTAR PRADESH,7,3,2024,Unknown,29,255,284
BIKAPUR,Vegetables,2023-10-16T11:17:53.81,Tomato,FAIZABAD,7087110,श्रीमान जी 16 अक्टूबर से 22 अक्टूबर तक मौसम में हल्के बादल है लेकिन मौसम साफ रहेगा बारिश की संभावना नहीं है आज का न्यूनतम तापमान 27 डिग्री सेंटीग्रेड और अधिकतम तापमान 32 डिग्री सेंटीग्रेड हवा की गति 7 किलोमीटर प्रति घंटा है मौसम को देखकर ही कृषि कार्य करें. ,Farmer asked query on Weather,Weather,,AGRICULTURE,UTTAR PRADESH,16,10,2023,Unknown,29,258,287
Kasganj,Vegetables,2022-11-15T15:38:16.583,Pea (Vegetable),KANSHIRAM NAGAR,3376968,"महोदय , 15 - 21 नवंबर के बीच वर्षा की कोई सम्भावना नही है आंशिक रूप से बादल छाए रह सकते हैं आज का अधिकतम तापमान 30 °C और न्यूनतम तापमान 14 °C एवं हवा की गति 7 - 11 किलोमीटर प्रति घंटा रहने की सम्भावना है मौसम के अनुसार कृषि कार्य को करें",Farmer asked query on Weather,Weather,,AGRICULTURE,UTTAR PRADESH,15,11,2022,Unknown,29,237,266
Patiyali,Vegetables,2022-09-29T11:56:06.58,Baby Corn,KANSHIRAM NAGAR,2772812,मौसम विभाग के पूर्वानुमान अनुसार जिला काशीराम नगर ब्लॉक पटियाली में अगले चार-पांच दिन में वर्षा होने की संभावना नहीं है अधिकतम तापमान 32 डिग्री न्यूनतम तापमान 24 डिग्री और हवा की गति 7 किलोमीटर प्रति घंटा रहने वाली है,Farmer asked query on Weather,Weather,,AGRICULTURE,UTTAR PRADESH,29,9,2022,Unknown,29,217,246
SASNI,Vegetables,2020-09-10T16:56:29.957,Pea (Vegetable),HATHRAS,2671966,अच्छी उपज प्राप्त करने के लिए बिजाई अक्तूबर से नवंबर के मध्य में पूरी कर लें।,Information about Sowing time of Pea crops ?,Cultural Practices,,HORTICULTURE,UTTAR PRADESH,10,9,2020,Unknown,44,77,121
RAMPUR MATHURA,Vegetables,2024-08-12T15:01:57.263,Radish,SITAPUR,2150225,"श्रीमान जी मूली की प्रजातियां- अर्का निशांत, हिसार सिलेक्शन-1, कशी स्वेता, पूसा चेतकी , पंजाब अगेती, पंजाब सफ़ेद, चिन्से पिंक, जापानीज वाइट,कल्याणपुर-1, जौनपुरी, पूसा देसी है |
","Information about the variety of radish crops ?
",Cultural Practices,,HORTICULTURE,UTTAR PRADESH,12,8,2024,Unknown,49,177,226
HATHRAS,Vegetables,2021-12-03T09:12:26.5,Potato,HATHRAS,7122282, श्रीमान जी आलू की फसल में यदि गलती से खरपतवार नाशक दवा का प्रयोग कर दिया है तो 5 लीटर गाय का दूध लेकर 300 लीटर पानी में घोल बनाकर आलू के पौधों की धुलाई कराएं,Provide information related to the damage caused by weedicide in potato crop.,Cultural Practices,,HORTICULTURE,UTTAR PRADESH,3,12,2021,Unknown,77,158,235
LAMBHUA,Vegetables,2023-04-10T08:19:16.25,"Colocasia (Arvi, Arbi)",SULTANPUR,4948550,"महोदय, अरबी की फसल में खरपतवार नियंत्रण के लिए केवल निराई गुड़ाई करें किसी भी दवा का छिड़काव न करे |
",Arabi ki fasal me kharapatawar niyantran ke lie kya kare ...?,Cultural Practices,,HORTICULTURE,UTTAR PRADESH,10,4,2023,Unknown,61,100,161
THANA BHAWAN,Vegetables,2022-11-20T10:34:44.283,Cauliflower,SHAMLI (PRABUDH NAGER),3425390,"की खड़ी फसल में खरपतवारनाशी दवा का प्रयोग नहीं  कर सकते।
","YOU CAN NOT USE [ID] IN [ID] CROP OF GOBHI ?
",Cultural Practices,,HORTICULTURE,UTTAR PRADESH,20,11,2022,Unknown,55,57,112
BHADAIYA,Vegetables,2020-01-31T12:36:39.83,Onion,SULTANPUR,780486,"महोदय, 31 जनवरी से 5 फरवरी तक मौसम साफ़ रहने की संभावना है, आंशिक रूप से बादल छाए रहेंगे, आज का न्यूनतम तापमान 8 डिग्री सेल्सियस तथा अधिकतम तापमान 18 डिग्री सेल्सियस है तथा हवा की गति 4 - 11 किलोमीटर प्रति घंटे रहने की संभावना है, मौसम के अनुसार कृषि कार्य करे |",Weed management in Onion crops ...?,Cultural Practices,,HORTICULTURE,UTTAR PRADESH,31,1,2020,Unknown,35,261,296
MYORPUR,Oilseeds,2020-03-13T09:15:08.01,Mustard,SONBHADRA,1565305,"श्रीमान जी आपके यहां 13 मार्च से 18 मार्च तक प्रत्येक दिन बादल छाए रहेंगे तथा 13,14 मार्च को तेज वर्षा होने की संभावना है,आज का अधिकतम तापमान 25 डिग्री सेल्सियस और न्यूनतम तापमान 22 डिग्री सेल्सियस एवं हवा की गति 4 से 11 किलोमीटर प्रति घंटा रहने की संभावना है,मौसम के अनुसार कृषि कार्य को करें",Information about weather forecast of block Sundari in district Sonbhadra ?,Weather,,AGRICULTURE,UTTAR PRADESH,13,3,2020,Unknown,75,293,368
MITAULI,Oilseeds,2020-01-17T12:03:09.48,Mustard,KHERI,270515,"श्रीमान जी , आपके यहां आज 17 जनवरी से लेकर 22 जनवरी तक बादल आंशिक रूप से बने रहेंगे, 17 जनवरी को हल्की बारिश की सम्भावना है, आज का अधिकतम तापमान 18 डिग्री सेल्सियस और न्यूनतम तापमान 12 डिग्री सेल्सियस है और हवा की गति 7 से 14 किलोमीटर प्रति घंटा चलने की सम्भावना है , मौसम को देखते हुए कृषि कार्य करें.",Information about weather forecast of Block Sikandrabad in dist.  Kheri   ……...?,Weather,,AGRICULTURE,UTTAR PRADESH,17,1,2020,Unknown,80,302,382
JASRANA,Oilseeds,2022-10-04T16:46:01.13,Indian rapeseed and mustard (yellow sarson),FIROZABAD,2835132,"महोदय, 05 अक्टूबर और 09 अक्टूबर को हल्की से मध्यम वर्षा होने की संभावना है, आंशिक रूप से बादल छाए रहेंगे। आज का न्यूनतम तापमान 26 ° C और अधिकतम तापमान 29°C  एवं हवा की गति 7 से 11 किलोमीटर प्रति घंटा रहने की संभावना है। मौसम के अनुसार कृषि कार्य करे 
l
",Farmer asked query on Weather,Weather,,AGRICULTURE,UTTAR PRADESH,4,10,2022,Unknown,29,255,284
CHATRA,Oilseeds,2023-11-11T15:17:44.93,Mustard,SONBHADRA,7311207,"महोदय आपके क्षेत्र में 11 से 17 नवंबर के बीच बारिश होने की संभावना नहीं है,आंशिक रूप से बादल छाए रहेंगे। आज का न्यूनतम तापमान 15°C और अधिकतम तापमान 25°C एवं हवा की गति 4-7 किलोमीटर प्रति घंटा रहने की संभावना है। मौसम के अनुसार कृषि कार्य को करे |
",Farmer asked query on Weather,Weather,,AGRICULTURE,UTTAR PRADESH,11,11,2023,Unknown,29,248,277
MAU,Oilseeds,2024-07-07T10:53:28.84,Sesame (Gingelly/Til)/Sesamum,CHITRAKOOT,1684713,"श्रीमान जी आपके क्षेत्र में 07 जुलाई से 13 जुलाई के मध्य आंशिक रूप से बादल छाए रहेंगेतथा 07 जुलाई से 09 जुलाई के मध्यम हल्की मध्यम बारिश होने की संभावना हैअधिकतम तापमान 32 डिग्री सेल्सियस न्यूनतम 28 डिग्री सेल्सियस रहेगा एवं हवा की गति 07 से 14 किलोमीटर प्रति घंटे की रफ्तार से चलने की संभावना है, आप मौसम के अनुसार कृषि कार्य करें |
",Farmer asked query on Weather,Weather,,AGRICULTURE,UTTAR PRADESH,7,7,2024,Unknown,29,335,364
JANSATH,Oilseeds,2022-11-07T13:52:09.817,Indian rapeseed and mustard (yellow sarson),MUZAFFARNAGAR,3286260,श्रीमान जी  7 नवंबर से 13 नवंबर तक मौसम साफ रहने की संभावना है आज का मिनिमम तापमान 15 डिग्री सेल्सियस अधिकतम तापमान 29 डिग्री सेल्सियस रहने की संभावना है हवा की गति मिनिमम 4 किलोमीटर प्रति घंटा अधिकतम 11 किलोमीटर प्रति घंटा रहने की संभावना है मौसम के अनुसार कृषि कार्य क,Farmer asked query on Weather,Weather,,AGRICULTURE,UTTAR PRADESH,7,11,2022,Unknown,29,270,299
MOHAMMADI,Oilseeds,2023-08-13T10:02:35.277,Sesame (Gingelly/Til)/Sesamum,KHERI,6373293,सर आप इमामेक्टिन बेंजोएट 5% SG 80 ग्राम प्रति एकड़ 200 लीटर पानी में स्प्रे करें,Information about Insect control in sesame...?,Plant Protection,,AGRICULTURE,UTTAR PRADESH,13,8,2023,Unknown,46,80,126
SAHAR,Oilseeds,2020-10-22T11:33:21.287,Mustard,AURAIYA,3040677,"श्रीमान जी सरसों में कीट के नियंत्रण है मेलाथियान 5% DP 8  kg प्रति एकड़ राख में मिलाकर सुबह के समय बिखेरे  |
",Information related to insect sucking on leaf juice in mustard crop.,Plant Protection,,AGRICULTURE,UTTAR PRADESH,22,10,2020,Unknown,68,111,179
LAHARPUR,Oilseeds,2023-03-10T09:01:09.783,Mustard,SITAPUR,4576540,"श्रीमान जी सरसों की फसल में अल्टरनेरिया पत्ती धब्बा, सफेद गेरूई एवं तुलासिता रोग के नियंत्रण हेतु मैनकोज़ेब 75% डब्ल्यूपी 800 ग्राम दवा प्रति एकड़ 200 लीटर पानी में घोल बनाकर छिड़काव कीजिए।","Provide information for alternaria leaf blight, white gerui and tulasita disease, management in mustard crop ?
",Plant Protection,,AGRICULTURE,UTTAR PRADESH,10,3,2023,Unknown,112,189,301
Pawasa,Oilseeds,2022-11-05T13:13:47.65,Mustard,SAMBAL (BHIM NAGAR),3267299,श्रीमान जी सरसों की फसल में Triazophose 40% EC 500 ml / एकड़ 200 लीटर पानी में घोलकर स्प्रे करें,About information of leaf insect problem in Mustard crop ?,Plant Protection,,AGRICULTURE,UTTAR PRADESH,5,11,2022,Unknown,58,96,154
BANGRA,Oilseeds,2022-08-31T13:08:44.85,Groundnut (pea nut/mung phalli),JHANSI,2466032,"श्रीमान जी, धान में इमिडाक्लोप्रिड 17.8%SL 0.75 ml/लीटर पानी में घोल कर स्प्रे करे 
","Informetion about Aphid cantrol of Groundnut Crop  ? 
",Plant Protection,,AGRICULTURE,UTTAR PRADESH,31,8,2022,Unknown,55,85,140
JAITPUR,Oilseeds,2024-09-07T10:21:40.73,Sesame (Gingelly/Til)/Sesamum,MAHOBA,2402802,"श्रीमान जी, Quinalphos 25% EC @ 500 ml प्रति एकड़ 200 लीटर पानी के साथ घोल बनाकर छिड़काव करें | 
","Information about control of leaf eating caterpillars & fruit borer in Sesame crop...?
",Plant Protection,,AGRICULTURE,UTTAR PRADESH,7,9,2024,Unknown,88,96,184
BEHENDAR,Oilseeds,2023-09-29T11:28:17.81,Mustard,HARDOI,6912283,"श्रीमान जी,सरसों की किस्में: पूसा बोल्ड, माया, रोहिणी, एनडीआर 8501, वरूणा (टी-59), कोरल 432|
","Information about the varieties of Mustard..?
",Varieties,,AGRICULTURE,UTTAR PRADESH,29,9,2023,Unknown,47,94,141
SHAMSABAD,Oilseeds,2021-10-22T15:16:41.817,Mustard,AGRA,6584313,"श्रीमान जी आप सरसों की विलम्ब से बुआई के लिए आशीर्वाद,वरदान प्रजाति का चयन करें ",Information about late variety of mustard crop..?                                                                                                                              ,Varieties,,AGRICULTURE,UTTAR PRADESH,22,10,2021,Unknown,175,80,255
MOHAMMADABAD,Oilseeds,2021-10-31T12:52:43.43,Brown Sarson,GHAZIPUR,6698131,सरसों की लेट प्रजातियां आशीर्वाद और वरदान है.,Information about Varieties of Sarso crop..........?,Varieties,,AGRICULTURE,UTTAR PRADESH,31,10,2021,Unknown,52,45,97
NADIGAON,Oilseeds,2021-11-16T17:20:41.66,Mustard,JALAUN,6870011,"श्रीमान जी सरसों की देर से बुवाई करने वाली किस्मे-आशीर्वाद, RLM 619, स्वर्ण ज्योति, वरदान,नवगोल्ड है |",Tell me about Late Variety of Mustard..?,Varieties,,AGRICULTURE,UTTAR PRADESH,16,11,2021,Unknown,40,102,142
BISRAKH,Oilseeds,2020-09-18T15:27:07.687,Mustard,GAUTAM BUDDHA NAGAR,2745762,"VARIETY OF MUSTARD = PUSA BOLD,BIO902, LAXMI , [ID] ,PUSA VIJAY,  PUSA  SARSO- 27,PUSA  SARSO- 28
",TELL ME VARIETY OF MUSTARD  ?,Varieties,,AGRICULTURE,UTTAR PRADESH,18,9,2020,Unknown,29,104,133
KANTH,Oilseeds,2021-10-21T08:51:57.367,Mustard,SHAHJAHANPUR,6561972,"श्रीमान जी आप सरसों की किस्म  क्रान्ति ,रोहिणी ,माया ,बसंती (पीली ),पूसा बोल्ड Pusa Vijay (NPJ-93), ,उर्वशी , पायनियर 45S46, पायनियर 45S42, कावेरी AK-47, कोरल -432(upl),श्रीराम 1666 आदि किस्मो को लगाए",give information about variety of mustard crop?,Varieties,,AGRICULTURE,UTTAR PRADESH,21,10,2021,Unknown,47,200,247
0   ,Sugar and Starch Crops,2024-05-15T10:53:15.677,Sugarcane (Noble Cane),AMROHA,1147193,"श्रीमान जी गन्ना की फसल में सुंडी के नियंत्रण के लिए कारटॉप हाइड्रोक्लोराइड 50% SP की 400 ग्राम मात्रा 200 लीटर पानी में घोल बनाकर प्रति एकड़ क्षेत्रफल में स्प्रे करें
","Information about control of leaf eating insect in sugarcane crop?
",Plant Protection,,AGRICULTURE,UTTAR PRADESH,15,5,2024,Unknown,68,169,237
DILARI,Sugar and Starch Crops,2022-07-22T09:23:24.103,Sugarcane (Noble Cane),MORADABAD,2031506,"श्री मान जी अगोला बेधक के नियंत्रण के लिए कार्टाप हाइड्रोक्लोराइड 4G @ 10 किलोग्राम प्रति एकड़ की दर से प्रयोग करें
",Information about control of the shoot borer in Sugarcane?,Plant Protection,,AGRICULTURE,UTTAR PRADESH,22,7,2022,Unknown,58,116,174
NAGAL,Sugar and Starch Crops,2023-08-13T08:00:55.357,Sugarcane (Noble Cane),SAHARANPUR,6371116,श्रीमान जी गन्ने की फसल में पोका बोइंग के नियंत्रण के लिए कॉपर ऑक्सिक्लोराइड 45% +    कासुगामाईसीन 5% WP की 400 से 450 ग्राम मात्रा प्रति एकड़ और वृद्धि और विकास के लिए एनपीके 19 19 19 की डेढ़ किलोग्राम मात्रा प्रति एकड़ की दर से 180 लीटर पानी में घोल बनाकर स्प्रे करें,Information for poca boeing control and good growth in sugarcane crop?,Plant Protection,,AGRICULTURE,UTTAR PRADESH,13,8,2023,Unknown,70,269,339
KUNDARKI,Sugar and Starch Crops,2025-04-10T20:18:49.783,Sugarcane (Noble Cane),MORADABAD,4083463,"श्रीमान जी,गन्ने में Profenofos 40% + Cypermethrin 4% EC @ 400ml प्रति एकड़ की दर से 200 लीटर पानी के साथ घोल बनाकर छिड़काव करें|
","Information about the Protection measure of Pyrilla in Sugarcane..?
",Plant Protection,,AGRICULTURE,UTTAR PRADESH,10,4,2025,Unknown,69,131,200
MAHOLI,Sugar and Starch Crops,2022-06-13T09:16:18.183,Sugarcane (Noble Cane),SITAPUR,1602112,श्रीमानजी मैंकोजेब 75% WP 500 ग्राम+स्ट्रेप्टोसैकिलिंन 6 ग्राम प्रति एकर की दर से 200 लीटर पानी में घोल कर स्प्रे करे,Give information about Fungus control in Sugarcane ...?,Plant Protection,,AGRICULTURE,UTTAR PRADESH,13,6,2022,Unknown,55,117,172
BUDHANA,Sugar and Starch Crops,2025-07-10T15:56:04.52,Sugarcane (Noble Cane),MUZAFFARNAGAR,4852446,"श्रीमान जी, Copper oxychloride 50% WP @ 500 ग्राम प्रति एकड़ 200 लीटर पानी के साथ घोल बनाकर छिड़काव करें |",Information about the control of Blight in crop sugarcane?,Plant Protection,,AGRICULTURE,UTTAR PRADESH,10,7,2025,Unknown,58,104,162
Mawai,Sugar and Starch Crops,2024-01-30T14:45:39.45,Sugarcane (Noble Cane),FAIZABAD,251373,"श्रीमान जी, आपके यहां इस सप्ताह 30 जनवरी  से 3 फरवरी  तक मौसम साफ रहेगा | 4 व 5 फरवरी तक बादल छाए रहने के साथ-साथ हल्की छुटपुट बूंदाबांदी होने की संभावना बनी हुई है | हवाओं की गति न्यूनतम 4 किलोमीटर प्रति घंटा अधिकतम 14 किलोमीटर प्रति घंटा की रफ्तार से हवाएं चलेंगी तापमान न्यूनतम 17 डिग्री सेल्सियस और अधिकतम 22 डिग्री सेल्सियस बना हुआ है आप मौसम के अनुसार कृषि कार्य करें |",Farmer asked query on Weather,Weather,,AGRICULTURE,UTTAR PRADESH,30,1,2024,Unknown,29,375,404
PURA BAZAR,Sugar and Starch Crops,2022-06-28T09:05:38.857,Sugarcane (Noble Cane),FAIZABAD,1742892,"श्रीमान जी 26 जून से 1 जुलाई तक आंशिक रूप से बादल छाए रहेंगे हल्की मध्यम से भारी बारिश होने की संभावना है। आज का न्यूनतम तापमान 29 °C और अधिकतम तापमान 34 °C है और हवा की गति 4 से 18 किलोमीटर प्रति घंटा रहने की संभावना है मौसम के अनुसार कृषि कार्य करें
",Farmer asked query on Weather,Weather,,AGRICULTURE,UTTAR PRADESH,28,6,2022,Unknown,29,253,282
JOYA,Sugar and Starch Crops,2024-05-25T17:13:58.943,Sugarcane (Noble Cane),JYOTIBA PHULE NAGAR,1212875,"श्रीमान जी 25 मई से 31 मई के मध्य बारिश होने की कोई संभावना नहीं है,पूरे सप्ताह आपके यहां हल्के बादल छाए रहने की संभावना है,आज का न्यूनतम तापमान 31 डिग्री सेल्सियस और अधिकतम तापमान 38 डिग्री सेल्सियस एवं हवा की गति 07 से 11 किलोमीटर प्रति घंटा रहने की संभावना है, मौसम के अनुसार कृषि कार्य को करें|
",Farmer asked query on Weather,Weather,,AGRICULTURE,UTTAR PRADESH,25,5,2024,Unknown,29,300,329
VISHESHWARGANJ,Sugar and Starch Crops,2022-06-15T14:42:58.893,Sugarcane (Noble Cane),BAHRAICH,1626505,"श्रीमान जी 15 जून से 20 जून तक आंशिक रूप से बादल छाये रहेंगे बूंदा-बांदी होने की संभावना है। आज का न्यूनतम तापमान 33 °C और अधिकतम तापमान 41 °C है और हवा की गति 4 से 29 किमी / घंटा चलने की संभावना है। मौसम के अनुसार कृषि कार्य करें
",Farmer asked query on Weather,Weather,,AGRICULTURE,UTTAR PRADESH,15,6,2022,Unknown,29,232,261
SHERGARH,Sugar and Starch Crops,2024-06-13T15:21:21.917,Sugarcane (Noble Cane),BAREILLY,1355543,"श्रीमान जी 13 से 19 जून के बीच बारिश होने की कोई संभावना नहीं है, हल्के मध्यम बादल बने हुए हैं| आज का न्यूनतम तापमान 33°C और अधिकतम तापमान 42°C एवं हवा की गति 7 से 18 किमी./ घंटा रहने की संभावना है| मौसम के अनुसार कृषि कार्य को करें|.",Farmer asked query on Weather,Weather,,AGRICULTURE,UTTAR PRADESH,13,6,2024,Unknown,29,234,263
KUMBHIGOLA,Sugar and Starch Crops,2020-02-24T19:04:25.86,Sugarcane (Noble Cane),KHERI,1042820,"श्रीमान जी 24 फरवरी से 29 फरवरी के बीच हल्की से मध्यम वर्षा होने की संभावना है, आंशिक रूप से बादल छाए रहेंगे। आज का न्यूनतम तापमान 15°C और अधिकतम तापमान 22°C एवं हवा की गति 4-7 किलोमीटर प्रति घंटा रहने की संभावना है। मौसम के अनुसार कृषि कार्य को करें l 
","Information about weather forecast of Block Sikandrabad in District Kheri ..?
",Weather,,AGRICULTURE,UTTAR PRADESH,24,2,2020,Unknown,79,255,334
HASANPUR,Sugar and Starch Crops,2022-02-23T12:33:18.32,Sugarcane (Noble Cane),JYOTIBA PHULE NAGAR,732067,महोदय गन्ने की बुवाई करते समय डीएपी 70 किलोग्राम प्रति एकड़ एम ओ पी 40 किलोग्राम यूरिया 35 से 40 किलोग्राम प्रति एकड़ प्रयोग करते हैं तथा कीड़े के लिए इमिडाक्लोप्रिड 40% + फिपरोनिल 40% डब्लू जी @ 180 ग्राम मात्रा प्रति एकड़ 250 से 300 लीटर पानी में घोल बनाकर कुंड में स्प्रे करें,Information about fertilizer dose of sugarcane at sowing time ..?,Fertilizer Use and Availability,,AGRICULTURE,UTTAR PRADESH,23,2,2022,Unknown,65,279,344
HARIYAWAN,Sugar and Starch Crops,2025-06-08T10:12:00.017,Sugarcane (Noble Cane),HARDOI,4495212,"श्रीमान जी,गन्ना की फसल में 30 किलोग्राम यूरिया , 5 किलोग्राम जिंक सल्फेट 33% , 10 किलोग्राम सागरिका जैविक पोषक तत्व प्रति एकड़ की दर से प्रयोग करें | ",Information about the first top dressing of fertilizer in Sugarcane?,Fertilizer Use and Availability,,AGRICULTURE,UTTAR PRADESH,8,6,2025,Unknown,68,151,219
CHHAJLET,Sugar and Starch Crops,2025-03-27T15:03:51.04,Sugarcane (Noble Cane),MORADABAD,3995183,"श्रीमान जी, NPK 12:32:16 - 100 kg, यूरिया 45 kg प्रति एकड़ की दर से प्रयोग करे |
","Information about the dose of NPK 12:32:16 per acre in Sugarcane?
",Fertilizer Use and Availability,,AGRICULTURE,UTTAR PRADESH,27,3,2025,Unknown,67,81,148
DEOBAND,Sugar and Starch Crops,2025-03-22T08:17:08.247,Sugarcane (Noble Cane),SAHARANPUR,3967621,"श्रीमान जी, गन्ने की फसल में वृद्धि व विकास के लिए-  यूरिया 40 किलोग्राम और सागरिका 10 किलोग्राम प्रति एकड़ नमी की अवस्था में प्रयोग करें |",Fertilizer dose in Sugarcane Crop....?,Fertilizer Use and Availability,,AGRICULTURE,UTTAR PRADESH,22,3,2025,Unknown,38,139,177
HASTINAPUR,Sugar and Starch Crops,2024-03-17T21:28:41.79,Sugarcane (Noble Cane),MEERUT,730891,"श्री मान जी यूरिया 157 kg (2 भागों बांटकर) , सिंगल सुपर फास्फेट 200 kg तथा म्युरेट ऑफ़ पोटाश 26 kg प्रति एकड़ की दर से प्रयोग करें  ",Information about fertilizer management in the Sugarcane crop ,Fertilizer Use and Availability,,AGRICULTURE,UTTAR PRADESH,17,3,2024,Unknown,62,131,193
BARAUT,Sugar and Starch Crops,2024-11-06T09:30:18.133,Sugarcane (Noble Cane),BAGHPAT,2962917,श्रीमान जी गन्ने की फसल में अब उर्वरक का प्रयोग ना करें नमी बनाए रखें,Information about fertilizer use in sugarcane crop?,Fertilizer Use and Availability,,AGRICULTURE,UTTAR PRADESH,6,11,2024,Unknown,51,69,120
