source,filename,filepath,size_kb,page_count,file_hash,is_exact_duplicate,extraction_method,extraction_error,char_count,word_count,text_output_path,retry_status,detected_language,garbage_char_ratio,detected_year
other_docs,CMP_Circulars_29102025_638973560481999250_Rabi Minikit 2025-26.pdf,../data/raw/pdfs/Other_docs\CMP_Circulars_29102025_638973560481999250_Rabi Minikit 2025-26.pdf,2178.2,8,3e154fdec3526b3bfa17cb0d9dba4e7614e9b81e55da75889b90d52371d33591,False,native,,9843,1613,../data/raw/pdfs/pdf_eda_outputs\extracted_text\other_docs\CMP_Circulars_29102025_638973560481999250_Rabi Minikit 2025-26.txt,not_applicable,en,0.011,2025.0
other_docs,EB-52-Wheat-Cultivation-in-India-Pocket-Guide.pdf,../data/raw/pdfs/Other_docs\EB-52-Wheat-Cultivation-in-India-Pocket-Guide.pdf,950.9,40,cbe436b0c8e06360ae61eaa35a0662c85e45c7b6754ae033d44a4b07082daccd,False,native,,45289,7451,../data/raw/pdfs/pdf_eda_outputs\extracted_text\other_docs\EB-52-Wheat-Cultivation-in-India-Pocket-Guide.txt,not_applicable,en,0.001,
other_docs,Indian_Farming_November_2025.pdf,../data/raw/pdfs/Other_docs\Indian_Farming_November_2025.pdf,8532.8,68,cc238b69b87b88e138d4015a0e10228ec3296bc5917529025ba9c281302dedb2,False,native,,249167,39689,../data/raw/pdfs/pdf_eda_outputs\extracted_text\other_docs\Indian_Farming_November_2025.txt,not_applicable,en,0.005,2025.0
other_docs,LeafblightSouvenirArticle.pdf.pdf,../data/raw/pdfs/Other_docs\LeafblightSouvenirArticle.pdf.pdf,5453.9,7,d6dc5c62098d58743570280990a10c35a39e2c7107c1368b1625571ecffc2c73,False,native,,3957,583,../data/raw/pdfs/pdf_eda_outputs\extracted_text\other_docs\LeafblightSouvenirArticle.pdf.txt,not_applicable,en,0.014,2024.0
other_docs,National_Mission_on_Natural_Farming.pdf,../data/raw/pdfs/Other_docs\National_Mission_on_Natural_Farming.pdf,480.7,49,9609c0fccef76cb3a9c45287a58157c7c3c6ef03f0628dcb3b2607f4bcea89ee,False,native,,87666,13568,../data/raw/pdfs/pdf_eda_outputs\extracted_text\other_docs\National_Mission_on_Natural_Farming.txt,not_applicable,en,0.003,
other_docs,pop_for_management_of_paddy_blast.pdf,../data/raw/pdfs/Other_docs\pop_for_management_of_paddy_blast.pdf,141.6,5,edeb0d1e394b36a23be7dcf7dcd9e62e2d35e74b6a42f3e3c6fef39d84ecf363,False,native,,6408,1047,../data/raw/pdfs/pdf_eda_outputs\extracted_text\other_docs\pop_for_management_of_paddy_blast.txt,not_applicable,en,0.004,
other_docs,Rice-based-cropping-systems.pdf,../data/raw/pdfs/Other_docs\Rice-based-cropping-systems.pdf,171.1,4,085da2ca25b882a0484a2566757cfc89bacad07e27b51b1c4197cacabdee74c9,False,native,,19066,2847,../data/raw/pdfs/pdf_eda_outputs\extracted_text\other_docs\Rice-based-cropping-systems.txt,not_applicable,en,0.005,2018.0
ppqs_advisories,"Advisory for current status of Rugose Spiraling Whitefly (RSW), Aleurodicus regioperculatus Martin on Coconut and Oil Palm.pdf","../data/raw/pdfs/PPQS_Advisories\Advisory for current status of Rugose Spiraling Whitefly (RSW), Aleurodicus regioperculatus Martin on Coconut and Oil Palm.pdf",1717.8,3,2019b651a692f917e37ce069597f6b32f9100aa001daac485f9500659ba0a4ad,False,native,,5616,1085,"../data/raw/pdfs/pdf_eda_outputs\extracted_text\ppqs_advisories\Advisory for current status of Rugose Spiraling Whitefly (RSW), Aleurodicus regioperculatus Martin on Coconut and Oil Palm.txt",not_applicable,unknown,,
ppqs_advisories,Advisory for Issuance of PSC after fulfilling the Mandatory Compliance with the Pesticide MRLs in Betel leaves being exported to Saudi Arabia.pdf,../data/raw/pdfs/PPQS_Advisories\Advisory for Issuance of PSC after fulfilling the Mandatory Compliance with the Pesticide MRLs in Betel leaves being exported to Saudi Arabia.pdf,79.7,1,aaca9d80bedc9553daa8d760d4467b660d3ef290e7b308595ea85088349dbfb8,False,native,,1519,223,../data/raw/pdfs/pdf_eda_outputs\extracted_text\ppqs_advisories\Advisory for Issuance of PSC after fulfilling the Mandatory Compliance with the Pesticide MRLs in Betel leaves being exported to Saudi Arabia.txt,not_applicable,unknown,,
ppqs_advisories,Advisory for Locust Survey and Control.pdf,../data/raw/pdfs/PPQS_Advisories\Advisory for Locust Survey and Control.pdf,7806.4,12,747055547594007a5e643a7bb7cf863577250e070422ecb8e10509302d0b2d2a,False,native,,20959,4111,../data/raw/pdfs/pdf_eda_outputs\extracted_text\ppqs_advisories\Advisory for Locust Survey and Control.txt,not_applicable,en,0.002,2020.0
ppqs_advisories,Advisory for management of apple leaf blotch miner on apple crop.pdf,../data/raw/pdfs/PPQS_Advisories\Advisory for management of apple leaf blotch miner on apple crop.pdf,2215.4,2,121f50c35a3ee82e023936ca46466d7719b22b78b4c62388977d6bb612afda88,False,native,,4389,1156,../data/raw/pdfs/pdf_eda_outputs\extracted_text\ppqs_advisories\Advisory for management of apple leaf blotch miner on apple crop.txt,not_applicable,en,0.019,2023.0
ppqs_advisories,Advisory for management of Cucumber Mosaic Virus (CMV) on Banana Crop.pdf,../data/raw/pdfs/PPQS_Advisories\Advisory for management of Cucumber Mosaic Virus (CMV) on Banana Crop.pdf,2309.9,3,fb8ee17dc53f493b47904adee92078e93aab784ba0c95078703d26e7e0f9836f,False,native,,5580,1397,../data/raw/pdfs/pdf_eda_outputs\extracted_text\ppqs_advisories\Advisory for management of Cucumber Mosaic Virus (CMV) on Banana Crop.txt,not_applicable,en,0.018,2023.0
ppqs_advisories,Advisory for management of Rice leaf folder (Cnaphalocrocis medinalis) on Rice crop.pdf,../data/raw/pdfs/PPQS_Advisories\Advisory for management of Rice leaf folder (Cnaphalocrocis medinalis) on Rice crop.pdf,5508.6,5,cc91d3f8119158c83a675fe693b981165a4bf59883db81c5921aebe1c9411f2b,False,native,,7624,1456,../data/raw/pdfs/pdf_eda_outputs\extracted_text\ppqs_advisories\Advisory for management of Rice leaf folder (Cnaphalocrocis medinalis) on Rice crop.txt,not_applicable,en,0.02,2023.0
ppqs_advisories,Advisory for management of Rice Stem Borer (Scirpophaga incertulas on rice crop.pdf,../data/raw/pdfs/PPQS_Advisories\Advisory for management of Rice Stem Borer (Scirpophaga incertulas on rice crop.pdf,5377.2,5,f4be7abd473dc60c7c22d20794c0b3ab0355ab96e28e63baf78740b1cb87f061,False,native,,7302,1197,../data/raw/pdfs/pdf_eda_outputs\extracted_text\ppqs_advisories\Advisory for management of Rice Stem Borer (Scirpophaga incertulas on rice crop.txt,not_applicable,en,0.016,2023.0
ppqs_advisories,Advisory for management of White Rust on Mustard crop.pdf,../data/raw/pdfs/PPQS_Advisories\Advisory for management of White Rust on Mustard crop.pdf,1903.0,3,081b2e9ce861d177897c4a6220a164ad9b5d91ef2f08cab773b0731a407f5f85,False,native,,3901,611,../data/raw/pdfs/pdf_eda_outputs\extracted_text\ppqs_advisories\Advisory for management of White Rust on Mustard crop.txt,not_applicable,en,0.014,2024.0
ppqs_advisories,Advisory for management of Yellow Mosaic Virus (YMV) on Soybean Crop.pdf,../data/raw/pdfs/PPQS_Advisories\Advisory for management of Yellow Mosaic Virus (YMV) on Soybean Crop.pdf,1520.0,2,a7f250ceefade970630168746217d0c8a02b683c760b62dfd539968e0c640559,False,native,,3270,558,../data/raw/pdfs/pdf_eda_outputs\extracted_text\ppqs_advisories\Advisory for management of Yellow Mosaic Virus (YMV) on Soybean Crop.txt,not_applicable,en,0.097,2023.0
ppqs_advisories,Advisory on     Hairy Caterpillar (Spilosoma obliqua) on Soybean crop in  Madhya Pradesh.pdf,../data/raw/pdfs/PPQS_Advisories\Advisory on     Hairy Caterpillar (Spilosoma obliqua) on Soybean crop in  Madhya Pradesh.pdf,183.5,2,0c88e04b4e8869ea8760e4a387caa5ef789848873d2bbc0d9ef68efa7ae7a11b,False,native,,4522,681,../data/raw/pdfs/pdf_eda_outputs\extracted_text\ppqs_advisories\Advisory on     Hairy Caterpillar (Spilosoma obliqua) on Soybean crop in  Madhya Pradesh.txt,not_applicable,en,0.015,2022.0
ppqs_advisories,Advisory on    Brown Plant Hopper (Nilaparvata lugens) on rice crop.pdf,../data/raw/pdfs/PPQS_Advisories\Advisory on    Brown Plant Hopper (Nilaparvata lugens) on rice crop.pdf,476.8,5,ae3a42e5240858ac23d94f04518e061a910d8a9edcbf3d6aab2589f5775d551a,False,native,,8618,1490,../data/raw/pdfs/pdf_eda_outputs\extracted_text\ppqs_advisories\Advisory on    Brown Plant Hopper (Nilaparvata lugens) on rice crop.txt,not_applicable,en,0.014,2022.0
ppqs_advisories,Advisory on  Blast disease (Magnaporthe oryzae) on rice crop.pdf,../data/raw/pdfs/PPQS_Advisories\Advisory on  Blast disease (Magnaporthe oryzae) on rice crop.pdf,399.2,5,0d344c5fb6233e7baadba546d92e76a3de0819336d77383d028161fcaf81dec7,False,native,,7127,1130,../data/raw/pdfs/pdf_eda_outputs\extracted_text\ppqs_advisories\Advisory on  Blast disease (Magnaporthe oryzae) on rice crop.txt,not_applicable,en,0.015,2022.0
ppqs_advisories,Advisory on  Rice Swarming Caterpillar (Spodoptera mauritia) on rice crop.pdf,../data/raw/pdfs/PPQS_Advisories\Advisory on  Rice Swarming Caterpillar (Spodoptera mauritia) on rice crop.pdf,194.4,2,0ba63a47991b70565ac3280780a84ed9e0aacdce3d0851227d4bae936fbbc2ec,False,native,,4447,893,../data/raw/pdfs/pdf_eda_outputs\extracted_text\ppqs_advisories\Advisory on  Rice Swarming Caterpillar (Spodoptera mauritia) on rice crop.txt,not_applicable,en,0.018,2022.0
ppqs_advisories,Advisory on  White fly (Bemicia tabaci) of Cotton crop.pdf,../data/raw/pdfs/PPQS_Advisories\Advisory on  White fly (Bemicia tabaci) of Cotton crop.pdf,1861.9,2,5b7193b63f3f2e55f3705ef96b05d67124aaf98fdaad74b6b805454b9880694f,False,native,,3992,589,../data/raw/pdfs/pdf_eda_outputs\extracted_text\ppqs_advisories\Advisory on  White fly (Bemicia tabaci) of Cotton crop.txt,not_applicable,en,0.014,2024.0
ppqs_advisories,Advisory on Black aphid on Wheat crop in Saharanpur district of Utter Pradesh.pdf,../data/raw/pdfs/PPQS_Advisories\Advisory on Black aphid on Wheat crop in Saharanpur district of Utter Pradesh.pdf,1736.1,3,46f7b3e4c296e8226dfb28c7ecfb93a8a403bc976e5e944aec0228a2e9d92017,False,native,,3596,512,../data/raw/pdfs/pdf_eda_outputs\extracted_text\ppqs_advisories\Advisory on Black aphid on Wheat crop in Saharanpur district of Utter Pradesh.txt,not_applicable,en,0.031,
ppqs_advisories,Advisory on current status of Bacterial Leaf Blight (Xanthomonas Compestris pv oryzae) at Rice growing areas of Odisha.pdf,../data/raw/pdfs/PPQS_Advisories\Advisory on current status of Bacterial Leaf Blight (Xanthomonas Compestris pv oryzae) at Rice growing areas of Odisha.pdf,2189.3,3,bf823159093cd01bb6d27f5f087e73355453b701722ba8e08622bdb3fa9abb1a,False,native,,3918,581,../data/raw/pdfs/pdf_eda_outputs\extracted_text\ppqs_advisories\Advisory on current status of Bacterial Leaf Blight (Xanthomonas Compestris pv oryzae) at Rice growing areas of Odisha.txt,not_applicable,unknown,,
ppqs_advisories,Advisory on current status of Gall midge (Orseolia oryzae) infesting Paddy crop in Tamil Nadu State.pdf,../data/raw/pdfs/PPQS_Advisories\Advisory on current status of Gall midge (Orseolia oryzae) infesting Paddy crop in Tamil Nadu State.pdf,2061.0,3,40855e138eaa82e6f44f64a36420f7a03dac5ca5fd10df09c6b655dc084088f7,False,native,,5726,898,../data/raw/pdfs/pdf_eda_outputs\extracted_text\ppqs_advisories\Advisory on current status of Gall midge (Orseolia oryzae) infesting Paddy crop in Tamil Nadu State.txt,not_applicable,en,0.017,2020.0
ppqs_advisories,Advisory on current status of Thrips( Thrips tabaci) for Cotton growing areas of Gujarat.pdf,../data/raw/pdfs/PPQS_Advisories\Advisory on current status of Thrips( Thrips tabaci) for Cotton growing areas of Gujarat.pdf,5557.5,5,e964b1f62111678a11e6bf88cffc0c6d62d5ee38ad55b873f89c1b2ef9e93786,False,native,,5518,920,../data/raw/pdfs/pdf_eda_outputs\extracted_text\ppqs_advisories\Advisory on current status of Thrips( Thrips tabaci) for Cotton growing areas of Gujarat.txt,not_applicable,en,0.01,2018.0
ppqs_advisories,Advisory on current status of Tobacco Caterpillar (Spodoptera litura) on Groundnut crop at Odisha state.pdf,../data/raw/pdfs/PPQS_Advisories\Advisory on current status of Tobacco Caterpillar (Spodoptera litura) on Groundnut crop at Odisha state.pdf,2452.7,3,2c2b29f63d2cc0aede811da5c24c9ebae143db76b779e99291078382be73033b,False,native,,4925,710,../data/raw/pdfs/pdf_eda_outputs\extracted_text\ppqs_advisories\Advisory on current status of Tobacco Caterpillar (Spodoptera litura) on Groundnut crop at Odisha state.txt,not_applicable,en,0.014,2018.0
ppqs_advisories,Advisory on Dry root rot on Chickpea growing areas of Maharashtra state.pdf,../data/raw/pdfs/PPQS_Advisories\Advisory on Dry root rot on Chickpea growing areas of Maharashtra state.pdf,1191.0,2,87b09c304b467a8190b153c3262fb537491a0f8fba3fb3c718b9679ed833831e,False,native,,3028,661,../data/raw/pdfs/pdf_eda_outputs\extracted_text\ppqs_advisories\Advisory on Dry root rot on Chickpea growing areas of Maharashtra state.txt,not_applicable,en,0.034,
ppqs_advisories,Advisory on exotic pest Fall Army Worm (FAW) Spodoptera frugiperda if occurrence found on Maize or other crops.pdf,../data/raw/pdfs/PPQS_Advisories\Advisory on exotic pest Fall Army Worm (FAW) Spodoptera frugiperda if occurrence found on Maize or other crops.pdf,187.8,2,01d53d2101e42f0630d68fa4a802ce60f455aec0f842acad47d5352979aa29ad,False,native,,4558,699,../data/raw/pdfs/pdf_eda_outputs\extracted_text\ppqs_advisories\Advisory on exotic pest Fall Army Worm (FAW) Spodoptera frugiperda if occurrence found on Maize or other crops.txt,not_applicable,unknown,,
ppqs_advisories,Advisory on exotic pest Fall Army Worm (FAW) Spodoptera frugiperda on Maize and Sorghum crop at Tamilnadu and Maharashtra state.pdf,../data/raw/pdfs/PPQS_Advisories\Advisory on exotic pest Fall Army Worm (FAW) Spodoptera frugiperda on Maize and Sorghum crop at Tamilnadu and Maharashtra state.pdf,1639.1,2,7de7ef52bd8b98c6c3bb3a0375fa61273006fe242cf232658167127e444d629b,False,native,,3924,617,../data/raw/pdfs/pdf_eda_outputs\extracted_text\ppqs_advisories\Advisory on exotic pest Fall Army Worm (FAW) Spodoptera frugiperda on Maize and Sorghum crop at Tamilnadu and Maharashtra state.txt,not_applicable,unknown,,
ppqs_advisories,Advisory on exotic pest Fall Army Worm (FA_Y) Spodopterd frugiperda if occurrence found on Maize or other crops.pdf,../data/raw/pdfs/PPQS_Advisories\Advisory on exotic pest Fall Army Worm (FA_Y) Spodopterd frugiperda if occurrence found on Maize or other crops.pdf,1553.2,2,4bc248003beee47f62c0fac60f2f1a9e1f9f817f83f7f5371da6e8a0497f5625,False,native,,4065,609,../data/raw/pdfs/pdf_eda_outputs\extracted_text\ppqs_advisories\Advisory on exotic pest Fall Army Worm (FA_Y) Spodopterd frugiperda if occurrence found on Maize or other crops.txt,not_applicable,unknown,,
ppqs_advisories,Advisory on Fall Army Worm (FAW) (spodoptera frugiperda) on Maize Crop.pdf,../data/raw/pdfs/PPQS_Advisories\Advisory on Fall Army Worm (FAW) (spodoptera frugiperda) on Maize Crop.pdf,1333.2,2,ca72965c568c55b360cb6e5b028bdbaa05d453dcb27d761fcfb3e998057836f9,False,native,,4008,613,../data/raw/pdfs/pdf_eda_outputs\extracted_text\ppqs_advisories\Advisory on Fall Army Worm (FAW) (spodoptera frugiperda) on Maize Crop.txt,not_applicable,en,0.015,2024.0
ppqs_advisories,Advisory on Fall Army Worm (FAW) Spodoptera frugiperda on Maize crop.pdf,../data/raw/pdfs/PPQS_Advisories\Advisory on Fall Army Worm (FAW) Spodoptera frugiperda on Maize crop.pdf,191.6,2,2b1139289c934901db2c69e5cdd7d3ab89f8eb815e60f5f54db05a6ab044d4b4,False,native,,4667,821,../data/raw/pdfs/pdf_eda_outputs\extracted_text\ppqs_advisories\Advisory on Fall Army Worm (FAW) Spodoptera frugiperda on Maize crop.txt,not_applicable,en,0.013,2022.0
ppqs_advisories,Advisory on false Smut of rice caused by Ustiloginoideu virens.pdf,../data/raw/pdfs/PPQS_Advisories\Advisory on false Smut of rice caused by Ustiloginoideu virens.pdf,297.6,5,3d2404e6d05e9af88de180d38bc4ec70234264a680ebc6d79ce79708d4015e68,False,native,,6698,1032,../data/raw/pdfs/pdf_eda_outputs\extracted_text\ppqs_advisories\Advisory on false Smut of rice caused by Ustiloginoideu virens.txt,not_applicable,en,0.015,2020.0
ppqs_advisories,Advisory on incidence of Apple scab disease in Himachal Pradesh.pdf,../data/raw/pdfs/PPQS_Advisories\Advisory on incidence of Apple scab disease in Himachal Pradesh.pdf,1408.7,2,e380f2dcf46c414031084d111b97f432f6659f1c30b59ce92922e62204f907c9,False,native,,3396,723,../data/raw/pdfs/pdf_eda_outputs\extracted_text\ppqs_advisories\Advisory on incidence of Apple scab disease in Himachal Pradesh.txt,not_applicable,en,0.021,
ppqs_advisories,Advisory on incidence of Cassava mealy bug (Phenacoccus manihoti Matile-Ferrero) in Kerala.pdf,../data/raw/pdfs/PPQS_Advisories\Advisory on incidence of Cassava mealy bug (Phenacoccus manihoti Matile-Ferrero) in Kerala.pdf,183.6,2,7ce157ac82349484d8d1df67a80ca586c646eb92be319eb563f083f66946f405,False,native,,3227,467,../data/raw/pdfs/pdf_eda_outputs\extracted_text\ppqs_advisories\Advisory on incidence of Cassava mealy bug (Phenacoccus manihoti Matile-Ferrero) in Kerala.txt,not_applicable,en,0.024,2020.0
ppqs_advisories,Advisory on incidence of Citrus Psylla (Diaphorina citri) on Citrus in Amaravathi district of Maharashtra.pdf,../data/raw/pdfs/PPQS_Advisories\Advisory on incidence of Citrus Psylla (Diaphorina citri) on Citrus in Amaravathi district of Maharashtra.pdf,508.7,2,7a03f9a4deb166a06f4a4615b0a4761b546acc32376e514751dc4f6dc7fb533d,False,native,,3555,522,../data/raw/pdfs/pdf_eda_outputs\extracted_text\ppqs_advisories\Advisory on incidence of Citrus Psylla (Diaphorina citri) on Citrus in Amaravathi district of Maharashtra.txt,not_applicable,en,0.016,2022.0
ppqs_advisories,Advisory on incidence of Fall Army Worm (FAW) on cotton crop in Maharashtra state.pdf,../data/raw/pdfs/PPQS_Advisories\Advisory on incidence of Fall Army Worm (FAW) on cotton crop in Maharashtra state.pdf,2424.9,3,98723e3a5fcad238b2ebe972d00cdc85b9f51dc4d386a3c36bf0b6ddc4a5dc74,False,native,,6304,1085,../data/raw/pdfs/pdf_eda_outputs\extracted_text\ppqs_advisories\Advisory on incidence of Fall Army Worm (FAW) on cotton crop in Maharashtra state.txt,not_applicable,en,0.023,2019.0
ppqs_advisories,Advisory on incidence of Fall Army Worm (FAW) Spodoptera frugiperda on Maize in Himachal Pradesh.pdf,../data/raw/pdfs/PPQS_Advisories\Advisory on incidence of Fall Army Worm (FAW) Spodoptera frugiperda on Maize in Himachal Pradesh.pdf,1461.9,2,2f43ff3ca3dc668edd9f78aaa8dd76d944894ade72bbbde6931225203723e49c,True,native,,5673,860,../data/raw/pdfs/pdf_eda_outputs\extracted_text\ppqs_advisories\Advisory on incidence of Fall Army Worm (FAW) Spodoptera frugiperda on Maize in Himachal Pradesh.txt,not_applicable,en,0.019,2019.0
ppqs_advisories,Advisory on incidence of Gundhi Bug (Leptocorisa acuta) on rice.pdf,../data/raw/pdfs/PPQS_Advisories\Advisory on incidence of Gundhi Bug (Leptocorisa acuta) on rice.pdf,1327.8,2,ce712de12eb96c3cf559a7e888fff13c253fc789ff85456a1d46c5055ee61b40,False,native,,4822,968,../data/raw/pdfs/pdf_eda_outputs\extracted_text\ppqs_advisories\Advisory on incidence of Gundhi Bug (Leptocorisa acuta) on rice.txt,not_applicable,en,0.043,
ppqs_advisories,Advisory on incidence of leaf thrips (Scirtothrips dorasalis) and invasive thrips (Thrips parvispinus) to major Chilli growing areas.pdf,../data/raw/pdfs/PPQS_Advisories\Advisory on incidence of leaf thrips (Scirtothrips dorasalis) and invasive thrips (Thrips parvispinus) to major Chilli growing areas.pdf,401.9,5,21e7156570005384fcf31ed6667108b98ed3522829990f9bab4b66f390236844,False,native,,7084,1135,../data/raw/pdfs/pdf_eda_outputs\extracted_text\ppqs_advisories\Advisory on incidence of leaf thrips (Scirtothrips dorasalis) and invasive thrips (Thrips parvispinus) to major Chilli growing areas.txt,not_applicable,unknown,,
ppqs_advisories,Advisory on incidence of Maize Stem borer (Chilo partellus) on maize crop in Uttar Pradesh.pdf,../data/raw/pdfs/PPQS_Advisories\Advisory on incidence of Maize Stem borer (Chilo partellus) on maize crop in Uttar Pradesh.pdf,589.5,2,45e32aae77c6e743ef4cd9f5c540cfae3f3209c11d11b995355ffaec4e1b87ba,False,native,,4255,670,../data/raw/pdfs/pdf_eda_outputs\extracted_text\ppqs_advisories\Advisory on incidence of Maize Stem borer (Chilo partellus) on maize crop in Uttar Pradesh.txt,not_applicable,en,0.024,2022.0
ppqs_advisories,Advisory on Incidence of Papaya Mealybug ( Paracoccus marginatus) in Wardha district of Maharashtra.pdf,../data/raw/pdfs/PPQS_Advisories\Advisory on Incidence of Papaya Mealybug ( Paracoccus marginatus) in Wardha district of Maharashtra.pdf,495.2,2,cf46ec962974b779a5e44deea37c9a9297d2a2f1d2c1b8dddfad39e28019b4e5,False,native,,3459,484,../data/raw/pdfs/pdf_eda_outputs\extracted_text\ppqs_advisories\Advisory on Incidence of Papaya Mealybug ( Paracoccus marginatus) in Wardha district of Maharashtra.txt,not_applicable,en,0.016,2022.0
ppqs_advisories,Advisory on incidence of Pink Boll Worm (PBW) on cotton crop in Maharashtra State.pdf,../data/raw/pdfs/PPQS_Advisories\Advisory on incidence of Pink Boll Worm (PBW) on cotton crop in Maharashtra State.pdf,6304.4,6,2ad87f88f3b4dd205c55b56d57cdf65297e1134e08f82113d6862a953dbf4d90,False,native,,8148,1429,../data/raw/pdfs/pdf_eda_outputs\extracted_text\ppqs_advisories\Advisory on incidence of Pink Boll Worm (PBW) on cotton crop in Maharashtra State.txt,not_applicable,en,0.031,2019.0
ppqs_advisories,Advisory on incidence of Pink Boll worm Pectinophora gossypiella and white fly (Bemesia tabaci) on cotton crop in Punjab state.pdf,../data/raw/pdfs/PPQS_Advisories\Advisory on incidence of Pink Boll worm Pectinophora gossypiella and white fly (Bemesia tabaci) on cotton crop in Punjab state.pdf,4054.1,7,9af8ab36807fc757e32ef0cd23213848b0d12ac7a80d9056996683ea0d1f4a84,False,native,,10502,1525,../data/raw/pdfs/pdf_eda_outputs\extracted_text\ppqs_advisories\Advisory on incidence of Pink Boll worm Pectinophora gossypiella and white fly (Bemesia tabaci) on cotton crop in Punjab state.txt,not_applicable,unknown,,
ppqs_advisories,Advisory on incidence of Yellow Rust (Puccinia striiformis f.sp. tritici) on Wheat crop.pdf,../data/raw/pdfs/PPQS_Advisories\Advisory on incidence of Yellow Rust (Puccinia striiformis f.sp. tritici) on Wheat crop.pdf,673.0,4,56838b35314222d2cb379473a39cce32829413aff089d8175b00c57d4ab4de40,False,native,,5905,841,../data/raw/pdfs/pdf_eda_outputs\extracted_text\ppqs_advisories\Advisory on incidence of Yellow Rust (Puccinia striiformis f.sp. tritici) on Wheat crop.txt,not_applicable,en,0.017,2022.0
ppqs_advisories,Advisory on Late Blight disease of Potato.pdf,../data/raw/pdfs/PPQS_Advisories\Advisory on Late Blight disease of Potato.pdf,2966.5,5,2c7905a9f27591e9c66e4ee588582adda17b73db0a2b6e1cd4168e0282d97252,False,native,,6148,1087,../data/raw/pdfs/pdf_eda_outputs\extracted_text\ppqs_advisories\Advisory on Late Blight disease of Potato.txt,not_applicable,en,0.014,2020.0
ppqs_advisories,Advisory on management of Cucumber Mosaic Virus in Banana.pdf,../data/raw/pdfs/PPQS_Advisories\Advisory on management of Cucumber Mosaic Virus in Banana.pdf,750.2,3,9a255caa51276b6b20a28a6cf34846365bf97bf2fb0bffdd42350c8046f89ce1,False,native,,5380,1087,../data/raw/pdfs/pdf_eda_outputs\extracted_text\ppqs_advisories\Advisory on management of Cucumber Mosaic Virus in Banana.txt,not_applicable,en,0.017,2022.0
ppqs_advisories,Advisory on management of Pink Boll worm (Pectinophora gossypiella) in Cotton crop.pdf,../data/raw/pdfs/PPQS_Advisories\Advisory on management of Pink Boll worm (Pectinophora gossypiella) in Cotton crop.pdf,1221.1,4,8dc1fe017912f8ce3434fdbce97417fed2f1044f2c6c10a85c00362950807306,False,native,,6525,1006,../data/raw/pdfs/pdf_eda_outputs\extracted_text\ppqs_advisories\Advisory on management of Pink Boll worm (Pectinophora gossypiella) in Cotton crop.txt,not_applicable,en,0.021,2023.0
ppqs_advisories,Advisory on management of Pod borer (Helicoverpa sp) in Chick pea (Gram).pdf,../data/raw/pdfs/PPQS_Advisories\Advisory on management of Pod borer (Helicoverpa sp) in Chick pea (Gram).pdf,177.8,2,3be98b1f408a14b2e18b9dff1e22890415c02fa3957032e63d5a0b05da86d4ae,False,native,,3871,587,../data/raw/pdfs/pdf_eda_outputs\extracted_text\ppqs_advisories\Advisory on management of Pod borer (Helicoverpa sp) in Chick pea (Gram).txt,not_applicable,en,0.015,2023.0
ppqs_advisories,Advisory on management of Sesamia inferens (pink stem borer) in Wheat crop.pdf,../data/raw/pdfs/PPQS_Advisories\Advisory on management of Sesamia inferens (pink stem borer) in Wheat crop.pdf,448.1,2,71c20a574b7d6d900660751b2cad0eba2d4a65c1cc2e534415053c1434b39251,False,native,,3218,498,../data/raw/pdfs/pdf_eda_outputs\extracted_text\ppqs_advisories\Advisory on management of Sesamia inferens (pink stem borer) in Wheat crop.txt,not_applicable,en,0.026,2023.0
ppqs_advisories,Advisory on management of soil borne diseases of chickpea  crop.pdf,../data/raw/pdfs/PPQS_Advisories\Advisory on management of soil borne diseases of chickpea  crop.pdf,1056.3,3,3be24fbf0f738467469c9cb9ef41e852f05d8a395c3e20cecd9dba7fc8983bae,False,native,,6430,1602,../data/raw/pdfs/pdf_eda_outputs\extracted_text\ppqs_advisories\Advisory on management of soil borne diseases of chickpea  crop.txt,not_applicable,en,0.055,2023.0
ppqs_advisories,Advisory on management of Tea Mosquito Bug (Helopeltis theivora) in Tea crop.pdf,../data/raw/pdfs/PPQS_Advisories\Advisory on management of Tea Mosquito Bug (Helopeltis theivora) in Tea crop.pdf,2088.7,2,db689442f1705b0551905cce306d454cd26cf05adda55c76de3b0c296326829e,False,native,,4685,716,../data/raw/pdfs/pdf_eda_outputs\extracted_text\ppqs_advisories\Advisory on management of Tea Mosquito Bug (Helopeltis theivora) in Tea crop.txt,not_applicable,en,0.017,2023.0
ppqs_advisories,Advisory on management of Thrips and Whitefly in Cotton crop.pdf,../data/raw/pdfs/PPQS_Advisories\Advisory on management of Thrips and Whitefly in Cotton crop.pdf,1880.3,6,72585db86e505b334d7c88d876acce8ce9eca7148975b08789e94355837e2e0d,False,native,,11046,2582,../data/raw/pdfs/pdf_eda_outputs\extracted_text\ppqs_advisories\Advisory on management of Thrips and Whitefly in Cotton crop.txt,not_applicable,en,0.028,2023.0
ppqs_advisories,Advisory on Pink Boll worm (Pectinophora gossypiella) and white fly (Bemesia tabaci) on cotton crop.pdf,../data/raw/pdfs/PPQS_Advisories\Advisory on Pink Boll worm (Pectinophora gossypiella) and white fly (Bemesia tabaci) on cotton crop.pdf,1844.9,6,0d609aed4889f22501bb2aeb4866091ae4ac1424dc0bce040d644bfcbeee8313,False,native,,10500,1613,../data/raw/pdfs/pdf_eda_outputs\extracted_text\ppqs_advisories\Advisory on Pink Boll worm (Pectinophora gossypiella) and white fly (Bemesia tabaci) on cotton crop.txt,not_applicable,en,0.023,2022.0
ppqs_advisories,Advisory on Pink boll worm (Pectinophora gossypiella) of Cotton crop.pdf,../data/raw/pdfs/PPQS_Advisories\Advisory on Pink boll worm (Pectinophora gossypiella) of Cotton crop.pdf,1380.4,2,4bc034dc6bd71ffd0f83db42585724d6dc808e0378b77a207261982d1cc6587c,False,native,,4160,617,../data/raw/pdfs/pdf_eda_outputs\extracted_text\ppqs_advisories\Advisory on Pink boll worm (Pectinophora gossypiella) of Cotton crop.txt,not_applicable,en,0.013,2024.0
ppqs_advisories,Advisory on Red rot (Colletotrichum falcatum) on Sugarcane crop.pdf,../data/raw/pdfs/PPQS_Advisories\Advisory on Red rot (Colletotrichum falcatum) on Sugarcane crop.pdf,168.7,2,40182d0221c00ebb4ca3a01a09b483bd1220bebf3bf023f43e3316ffb8afd205,False,native,,3047,1030,../data/raw/pdfs/pdf_eda_outputs\extracted_text\ppqs_advisories\Advisory on Red rot (Colletotrichum falcatum) on Sugarcane crop.txt,not_applicable,cy,0.013,2022.0
ppqs_advisories,Advisory on Rugose Spiralling Whitefly (RSW) Aleurodicus rugioperculatus Martin on Coconut in Kerala & Tamil Nadu.pdf,../data/raw/pdfs/PPQS_Advisories\Advisory on Rugose Spiralling Whitefly (RSW) Aleurodicus rugioperculatus Martin on Coconut in Kerala & Tamil Nadu.pdf,744.4,2,42a25006e457c27d6eb2dfa11858e5a8f9324fbe88726834eced85de87949d4d,False,native,,5207,796,../data/raw/pdfs/pdf_eda_outputs\extracted_text\ppqs_advisories\Advisory on Rugose Spiralling Whitefly (RSW) Aleurodicus rugioperculatus Martin on Coconut in Kerala & Tamil Nadu.txt,not_applicable,unknown,,
ppqs_advisories,Advisory on Safe & Judicious utilization of Paclobutrazol Plant Growth Regulator.pdf,../data/raw/pdfs/PPQS_Advisories\Advisory on Safe & Judicious utilization of Paclobutrazol Plant Growth Regulator.pdf,154.9,3,eef57bba71cd7833f2544dbda35b47f55f68a3efd73fb55327a0fe2916e73952,False,native,,4000,649,../data/raw/pdfs/pdf_eda_outputs\extracted_text\ppqs_advisories\Advisory on Safe & Judicious utilization of Paclobutrazol Plant Growth Regulator.txt,not_applicable,en,0.015,2022.0
ppqs_advisories,Advisory on South East Asian thrips (Thrips   parvispinus) on Chilli.pdf,../data/raw/pdfs/PPQS_Advisories\Advisory on South East Asian thrips (Thrips   parvispinus) on Chilli.pdf,1588.5,6,a9a4401c48246ac24815b0cedfdb17a967809418a07ee682f818679580986220,False,native,,9052,1402,../data/raw/pdfs/pdf_eda_outputs\extracted_text\ppqs_advisories\Advisory on South East Asian thrips (Thrips   parvispinus) on Chilli.txt,not_applicable,en,0.022,2022.0
ppqs_advisories,Advisory on sucking pests of cotton crop.pdf,../data/raw/pdfs/PPQS_Advisories\Advisory on sucking pests of cotton crop.pdf,1582.9,5,10b0bf4c1a9bbfe929de1477cdcb4ba24e0eae3adb69acbbb884576f1a1abe8b,False,native,,9864,1916,../data/raw/pdfs/pdf_eda_outputs\extracted_text\ppqs_advisories\Advisory on sucking pests of cotton crop.txt,not_applicable,en,0.022,2022.0
ppqs_advisories,Advisory on White Grub (Holotrichia serrata) on Sugarcane crop.pdf,../data/raw/pdfs/PPQS_Advisories\Advisory on White Grub (Holotrichia serrata) on Sugarcane crop.pdf,478.0,2,59b4f4c1e2b8ef72982b74b1b9dd08852a3a6837d3b1c5ea2526c7f73144a0a6,False,native,,3053,495,../data/raw/pdfs/pdf_eda_outputs\extracted_text\ppqs_advisories\Advisory on White Grub (Holotrichia serrata) on Sugarcane crop.txt,not_applicable,en,0.026,2022.0
ppqs_advisories,Advisory on yellow rust in wheat growing areas.pdf,../data/raw/pdfs/PPQS_Advisories\Advisory on yellow rust in wheat growing areas.pdf,1925.9,3,4736e7f17fe17dd5921bcb728176350720c1a1237471bda2c4a61a1490281a04,False,native,,4078,595,../data/raw/pdfs/pdf_eda_outputs\extracted_text\ppqs_advisories\Advisory on yellow rust in wheat growing areas.txt,not_applicable,en,0.017,
ppqs_advisories,Advisory on yellow rust of wheat (Puccinia striiformis f. sp. triticl) to major wheat  growing areas.pdf,../data/raw/pdfs/PPQS_Advisories\Advisory on yellow rust of wheat (Puccinia striiformis f. sp. triticl) to major wheat  growing areas.pdf,877.9,3,04b8cdb11e6ffe55296108e05b788acb0d1d37a388e4cd0f6f2466a94119446f,False,native,,4796,851,../data/raw/pdfs/pdf_eda_outputs\extracted_text\ppqs_advisories\Advisory on yellow rust of wheat (Puccinia striiformis f. sp. triticl) to major wheat  growing areas.txt,not_applicable,en,0.03,2021.0
ppqs_advisories,Advisory on yellow rust of wheat (Puccinia striiformis f.sp. tritici) to major wheat growing areas.pdf,../data/raw/pdfs/PPQS_Advisories\Advisory on yellow rust of wheat (Puccinia striiformis f.sp. tritici) to major wheat growing areas.pdf,515.0,2,d6fd21f8e230bd76d80367d566bd4fbf65f3c106dcdb0a2e23ce6e9b13d8a4ad,False,native,,4419,694,../data/raw/pdfs/pdf_eda_outputs\extracted_text\ppqs_advisories\Advisory on yellow rust of wheat (Puccinia striiformis f.sp. tritici) to major wheat growing areas.txt,not_applicable,en,0.012,2023.0
ppqs_advisories,Advisory on yellow rust of wheat (Punccinia striiformis f.sp.tritici) to major wheat growing areas.pdf,../data/raw/pdfs/PPQS_Advisories\Advisory on yellow rust of wheat (Punccinia striiformis f.sp.tritici) to major wheat growing areas.pdf,2276.4,3,9decf0b97b311b226b03ab30e30da11a3efb6d09fd3ea415349515d16f0b02a4,False,native,,4522,643,../data/raw/pdfs/pdf_eda_outputs\extracted_text\ppqs_advisories\Advisory on yellow rust of wheat (Punccinia striiformis f.sp.tritici) to major wheat growing areas.txt,not_applicable,en,0.014,2019.0
ppqs_advisories,Conduct regular survey in the areas where recent Locust incursion was observed in Jaisalmer district of Rajasthan.pdf,../data/raw/pdfs/PPQS_Advisories\Conduct regular survey in the areas where recent Locust incursion was observed in Jaisalmer district of Rajasthan.pdf,283.5,1,925d10a288e16ed48f12b151995723a7b5926bc94efdc804164da03a01024c3b,False,native,,2240,333,../data/raw/pdfs/pdf_eda_outputs\extracted_text\ppqs_advisories\Conduct regular survey in the areas where recent Locust incursion was observed in Jaisalmer district of Rajasthan.txt,not_applicable,unknown,,
ppqs_advisories,Corrigendum on Advisory issued on Whitegrub on Sugarcane crop dated 09.09.2022.pdf,../data/raw/pdfs/PPQS_Advisories\Corrigendum on Advisory issued on Whitegrub on Sugarcane crop dated 09.09.2022.pdf,220.1,1,d55a7f3da9789afed4e89703b5f8508f4d92d8c5c7060ed469aa866132dfe5d7,False,native,,1312,197,../data/raw/pdfs/pdf_eda_outputs\extracted_text\ppqs_advisories\Corrigendum on Advisory issued on Whitegrub on Sugarcane crop dated 09.09.2022.txt,not_applicable,en,0.037,2022.0
ppqs_advisories,"Current status of Brown Plant Hopper (Nilaparvata lugens) at Rice growing area of Odisha, Uttar Pradesh and Chhattisgarh states - Advisory.pdf","../data/raw/pdfs/PPQS_Advisories\Current status of Brown Plant Hopper (Nilaparvata lugens) at Rice growing area of Odisha, Uttar Pradesh and Chhattisgarh states - Advisory.pdf",6096.2,5,e8a4869b2f1df807e8a732143be7a5602953e01322424d913ec708eeef8a8ba7,False,native,,6285,969,"../data/raw/pdfs/pdf_eda_outputs\extracted_text\ppqs_advisories\Current status of Brown Plant Hopper (Nilaparvata lugens) at Rice growing area of Odisha, Uttar Pradesh and Chhattisgarh states - Advisory.txt",not_applicable,unknown,,
ppqs_advisories,Current status of Late Blight (Phytophthora infestans) at Potato growing areas of Uttar Pradesh- Advisory.pdf,../data/raw/pdfs/PPQS_Advisories\Current status of Late Blight (Phytophthora infestans) at Potato growing areas of Uttar Pradesh- Advisory.pdf,3288.2,5,c611c5254bf7cc527072e690ebf2f6314f5e04a60695656baf1b9e06fa1102d4,False,native,,5876,938,../data/raw/pdfs/pdf_eda_outputs\extracted_text\ppqs_advisories\Current status of Late Blight (Phytophthora infestans) at Potato growing areas of Uttar Pradesh- Advisory.txt,not_applicable,en,0.016,
ppqs_advisories,Current status of Rice Hispa (Dicladispa armigera) in Rice crop growing areas of Assam State - Advisory.pdf,../data/raw/pdfs/PPQS_Advisories\Current status of Rice Hispa (Dicladispa armigera) in Rice crop growing areas of Assam State - Advisory.pdf,3170.1,3,e3967378e70a70cdbc2fd1b6dd72f8eccc7095de4a1b3fff2a5373a182741ea1,False,native,,5848,1522,../data/raw/pdfs/pdf_eda_outputs\extracted_text\ppqs_advisories\Current status of Rice Hispa (Dicladispa armigera) in Rice crop growing areas of Assam State - Advisory.txt,not_applicable,en,0.026,2018.0
ppqs_advisories,"Current status of Rugose Spiraling Whitefly (RSW), Aleurodicus rugioperculatus Martin on Coconut and Oil Palm- Advisory.pdf","../data/raw/pdfs/PPQS_Advisories\Current status of Rugose Spiraling Whitefly (RSW), Aleurodicus rugioperculatus Martin on Coconut and Oil Palm- Advisory.pdf",2095.9,3,0d4e1747d32df174abe4a46a7d7ce08615d07911f2572bd49c1c268bbe2c66e6,False,native,,5780,829,"../data/raw/pdfs/pdf_eda_outputs\extracted_text\ppqs_advisories\Current status of Rugose Spiraling Whitefly (RSW), Aleurodicus rugioperculatus Martin on Coconut and Oil Palm- Advisory.txt",not_applicable,unknown,,
ppqs_advisories,"Current status of Rugose Spiraling Whitefly (RSW), Aleurodicus rugioperculutus Martin'on Coconut -Advisory.pdf","../data/raw/pdfs/PPQS_Advisories\Current status of Rugose Spiraling Whitefly (RSW), Aleurodicus rugioperculutus Martin'on Coconut -Advisory.pdf",240.2,2,2f3a2278a3bc76e20bff78356345232ca40b697240d1b12b158ffe444f0344c2,False,native,,3897,598,"../data/raw/pdfs/pdf_eda_outputs\extracted_text\ppqs_advisories\Current status of Rugose Spiraling Whitefly (RSW), Aleurodicus rugioperculutus Martin'on Coconut -Advisory.txt",not_applicable,en,0.014,
ppqs_advisories,Current status of Stem borer (Scirpophaga incertulas) at Rice growing areas of Uttar Pradesh.pdf,../data/raw/pdfs/PPQS_Advisories\Current status of Stem borer (Scirpophaga incertulas) at Rice growing areas of Uttar Pradesh.pdf,7150.7,6,c805376ae72f6164ddf879130fb254b7d22869a0616460c6ea2f271d6e3c65ad,False,native,,6494,1056,../data/raw/pdfs/pdf_eda_outputs\extracted_text\ppqs_advisories\Current status of Stem borer (Scirpophaga incertulas) at Rice growing areas of Uttar Pradesh.txt,not_applicable,en,0.011,2018.0
ppqs_advisories,Current status of White Fly ( Aleurolobus barodensis ) at Sugarcane growing areas of Gujarat - Advisory.pdf,../data/raw/pdfs/PPQS_Advisories\Current status of White Fly ( Aleurolobus barodensis ) at Sugarcane growing areas of Gujarat - Advisory.pdf,1547.0,2,b5feedba3e98da5eaaf0d16fdde3207279186eff614ebe8d1c1ec7e5ad26920a,False,native,,4271,786,../data/raw/pdfs/pdf_eda_outputs\extracted_text\ppqs_advisories\Current status of White Fly ( Aleurolobus barodensis ) at Sugarcane growing areas of Gujarat - Advisory.txt,not_applicable,en,0.019,2018.0
ppqs_advisories,"Current status of Yellow Mosaic Virus on Green gram and Black gram at Puri, Cuttack and Khorda districts of Odisha state.pdf","../data/raw/pdfs/PPQS_Advisories\Current status of Yellow Mosaic Virus on Green gram and Black gram at Puri, Cuttack and Khorda districts of Odisha state.pdf",1862.0,3,29ad5395fdb37e645c0ca6c6355a113b337731fe8a78d17f76e9e2df2f959200,False,native,,4615,705,"../data/raw/pdfs/pdf_eda_outputs\extracted_text\ppqs_advisories\Current status of Yellow Mosaic Virus on Green gram and Black gram at Puri, Cuttack and Khorda districts of Odisha state.txt",not_applicable,unknown,,
ppqs_advisories,"Grow Safe Food - Beware of Counterfeit, Spurious, substandard and unregistered_unlicensed pesticides.pdf","../data/raw/pdfs/PPQS_Advisories\Grow Safe Food - Beware of Counterfeit, Spurious, substandard and unregistered_unlicensed pesticides.pdf",389.8,4,647ab78030c6227e17c5176af4dcc4c41265605798d8088b86d1b840ee5dd9de,False,native,,7345,1239,"../data/raw/pdfs/pdf_eda_outputs\extracted_text\ppqs_advisories\Grow Safe Food - Beware of Counterfeit, Spurious, substandard and unregistered_unlicensed pesticides.txt",not_applicable,ca,0.082,1968.0
ppqs_advisories,Management of Fall Armyworm in maize.pdf,../data/raw/pdfs/PPQS_Advisories\Management of Fall Armyworm in maize.pdf,816.6,5,5c8993f58428576685af74bd5d56e3a31e783b519273bc3f2ab29c6c08f0e680,False,native,,8600,1426,../data/raw/pdfs/pdf_eda_outputs\extracted_text\ppqs_advisories\Management of Fall Armyworm in maize.txt,not_applicable,en,0.008,
ppqs_advisories,Monitoring of Pests and Diseases during Kharif 2022-23.pdf,../data/raw/pdfs/PPQS_Advisories\Monitoring of Pests and Diseases during Kharif 2022-23.pdf,370.9,1,24707cc2c63d68dc0a753f2039b4bce6254d04ebf7c499f7c5b844e9e1ebd064,False,native,,3099,480,../data/raw/pdfs/pdf_eda_outputs\extracted_text\ppqs_advisories\Monitoring of Pests and Diseases during Kharif 2022-23.txt,not_applicable,en,0.036,2022.0
ppqs_advisories,Package of Practice (POP) for the management of Fall Army Worm (FAW) in Sorghum.pdf,../data/raw/pdfs/PPQS_Advisories\Package of Practice (POP) for the management of Fall Army Worm (FAW) in Sorghum.pdf,1929.1,3,184add96001b90b43515d33ca1adf0e51cbde93befbb5c61d7a256d61921903c,False,native,,6815,1331,../data/raw/pdfs/pdf_eda_outputs\extracted_text\ppqs_advisories\Package of Practice (POP) for the management of Fall Army Worm (FAW) in Sorghum.txt,not_applicable,en,0.023,2019.0
ppqs_advisories,"Package of Practices (POPs) for the Management of FAW in Grain corn, Sweet corn, Baby corn and Fodder maize.pdf","../data/raw/pdfs/PPQS_Advisories\Package of Practices (POPs) for the Management of FAW in Grain corn, Sweet corn, Baby corn and Fodder maize.pdf",2335.0,14,3c6de5863e4c9a4da3e600a9e839c04dae49bba29ab831cfd77e302d3b99c819,False,native,,27021,4356,"../data/raw/pdfs/pdf_eda_outputs\extracted_text\ppqs_advisories\Package of Practices (POPs) for the Management of FAW in Grain corn, Sweet corn, Baby corn and Fodder maize.txt",not_applicable,unknown,,
ppqs_advisories,Preparatory advisory for timely management of Pink Boll Worm (PBW) in Cotton..pdf,../data/raw/pdfs/PPQS_Advisories\Preparatory advisory for timely management of Pink Boll Worm (PBW) in Cotton..pdf,228.5,2,a8aa5777cac0ebe42f83ea53e502b174e713e2860ab9fe6de41563328d8aaf6f,False,native,,5285,818,../data/raw/pdfs/pdf_eda_outputs\extracted_text\ppqs_advisories\Preparatory advisory for timely management of Pink Boll Worm (PBW) in Cotton..txt,not_applicable,en,0.011,2025.0
ppqs_advisories,Preparatory advisory for timely management of vector white fly and Yellow Mosaic Virus (YMV) in Soybean.pdf,../data/raw/pdfs/PPQS_Advisories\Preparatory advisory for timely management of vector white fly and Yellow Mosaic Virus (YMV) in Soybean.pdf,242.9,3,3ba9e7bf265e05d6cb679d2035ca1cfa027346fb668b16442bd6ec3b9665dc28,False,native,,5215,1058,../data/raw/pdfs/pdf_eda_outputs\extracted_text\ppqs_advisories\Preparatory advisory for timely management of vector white fly and Yellow Mosaic Virus (YMV) in Soybean.txt,not_applicable,en,0.012,2025.0
ppqs_advisories,Preparedness for Locust Control during the summer_monsoon season of 2019.pdf,../data/raw/pdfs/PPQS_Advisories\Preparedness for Locust Control during the summer_monsoon season of 2019.pdf,1663.8,2,a8d56007ed99deb6ba6413b4b389ec8377d2b3111fdd8e7fd90040fa389ab55c,False,native,,4808,742,../data/raw/pdfs/pdf_eda_outputs\extracted_text\ppqs_advisories\Preparedness for Locust Control during the summer_monsoon season of 2019.txt,not_applicable,en,0.009,2019.0
ppqs_advisories,rice.pdf,../data/raw/pdfs/PPQS_Advisories\rice.pdf,1554.6,53,9d63c8d64e67ca08fc35a804df522f812e28ef479ebf9241eea42c20e6d7486f,False,native,,87496,13045,../data/raw/pdfs/pdf_eda_outputs\extracted_text\ppqs_advisories\rice.txt,not_applicable,en,0.005,2014.0
ppqs_advisories,sop_for_safe_and_judicious_use_of_tricyclazole_and_buprofezin (1).pdf,../data/raw/pdfs/PPQS_Advisories\sop_for_safe_and_judicious_use_of_tricyclazole_and_buprofezin (1).pdf,1002.6,49,eaa0b18421756c727f55cf1454b84d2c6e975993171c85e7a23db326206f57b6,False,native,,71450,11889,../data/raw/pdfs/pdf_eda_outputs\extracted_text\ppqs_advisories\sop_for_safe_and_judicious_use_of_tricyclazole_and_buprofezin (1).txt,not_applicable,en,0.003,2021.0
ppqs_advisories,sorghum_0.pdf,../data/raw/pdfs/PPQS_Advisories\sorghum_0.pdf,3100.5,58,5a8b9aaad30b95063947f72350409511dc7dd7d23cd8cbbd624b6e0875f3e764,False,native,,108290,15064,../data/raw/pdfs/pdf_eda_outputs\extracted_text\ppqs_advisories\sorghum_0.txt,not_applicable,en,0.001,
ppqs_advisories,Standards for Fall Army Worm (FAW) pheromone lures and traps.pdf,../data/raw/pdfs/PPQS_Advisories\Standards for Fall Army Worm (FAW) pheromone lures and traps.pdf,1226.5,2,f46d50e98693fb8c3d1194bd3c3b96017d00acabb5e0a351adddd4b642da5113,False,native,,3672,554,../data/raw/pdfs/pdf_eda_outputs\extracted_text\ppqs_advisories\Standards for Fall Army Worm (FAW) pheromone lures and traps.txt,not_applicable,en,0.04,2019.0
schemes,Agriculture-Infrastructure_Fund.pdf,../data/raw/pdfs/Schemes\Agriculture-Infrastructure_Fund.pdf,375.5,18,5c8e75a3e2ecfd0aea93ff04abf29788d20b26cf05148f3d12a214f3c9e665da,False,native,,27428,4059,../data/raw/pdfs/pdf_eda_outputs\extracted_text\schemes\Agriculture-Infrastructure_Fund.txt,not_applicable,en,0.005,2024.0
schemes,Kisan_Credit_Card_(KCC)_Scheme.pdf,../data/raw/pdfs/Schemes\Kisan_Credit_Card_(KCC)_Scheme.pdf,200.2,15,27a8e73e9f5c4563879aa8c16462ae7f9ac8a960366cd41c6f80b3b25cf953e5,False,native,,24985,4170,../data/raw/pdfs/pdf_eda_outputs\extracted_text\schemes\Kisan_Credit_Card_(KCC)_Scheme.txt,not_applicable,en,0.005,2017.0
schemes,MODIFIED_INTEREST_SUBVENTION_SCHEME.pdf,../data/raw/pdfs/Schemes\MODIFIED_INTEREST_SUBVENTION_SCHEME.pdf,64.7,2,a80268844171ad6e1b77cb38e30071f997403c7fa78fc290a608bc3cdf79f613,False,native,,4857,773,../data/raw/pdfs/pdf_eda_outputs\extracted_text\schemes\MODIFIED_INTEREST_SUBVENTION_SCHEME.txt,not_applicable,en,0.01,2026.0
schemes,NFSNM_FY_2025-2026.pdf,../data/raw/pdfs/Schemes\NFSNM_FY_2025-2026.pdf,2379.1,99,018c489d4be3f7738546a7265c9a533f5ad7cbac1513545be84a376550f7ea40,False,native,,196565,29023,../data/raw/pdfs/pdf_eda_outputs\extracted_text\schemes\NFSNM_FY_2025-2026.txt,not_applicable,en,0.003,2026.0
schemes,PRADHAN_MANTRI_FASAL_BIMA_YOJANA.pdf,../data/raw/pdfs/Schemes\PRADHAN_MANTRI_FASAL_BIMA_YOJANA.pdf,737.3,38,2f15c1d9206a5de952f8f3c49c4f0bbac8d2c143761716681792ada2c382ab5b,False,native,,61913,9737,../data/raw/pdfs/pdf_eda_outputs\extracted_text\schemes\PRADHAN_MANTRI_FASAL_BIMA_YOJANA.txt,not_applicable,en,0.005,
schemes,Pradhan_Mantri_Kisan_Maan_Dhan_Yojna.pdf,../data/raw/pdfs/Schemes\Pradhan_Mantri_Kisan_Maan_Dhan_Yojna.pdf,1105.1,33,a60ec28b4d4344a60447efe61abbca5c45b8a291633518b353beb91aee8546ef,False,native,,64516,11671,../data/raw/pdfs/pdf_eda_outputs\extracted_text\schemes\Pradhan_Mantri_Kisan_Maan_Dhan_Yojna.txt,not_applicable,en,0.008,2019.0
schemes,PRADHAN_MANTRI_KISAN_SAMMAN_NIDHI_SCHEME.pdf,../data/raw/pdfs/Schemes\PRADHAN_MANTRI_KISAN_SAMMAN_NIDHI_SCHEME.pdf,805.3,12,ae82cac83f61a5fa5049387a7c13e00c6d55cef0e9163deb5497dc86c86d697f,False,native,,27410,4340,../data/raw/pdfs/pdf_eda_outputs\extracted_text\schemes\PRADHAN_MANTRI_KISAN_SAMMAN_NIDHI_SCHEME.txt,not_applicable,en,0.01,2020.0
schemes,Pradhan_Mantri_Krishi_Sinchyee_Yojna.pdf,../data/raw/pdfs/Schemes\Pradhan_Mantri_Krishi_Sinchyee_Yojna.pdf,244.5,24,f4734f25588b8f5359fa4ab655ea07cd20676ed0a05ba9d8e6944751bcbcf1e1,False,native,,53848,7870,../data/raw/pdfs/pdf_eda_outputs\extracted_text\schemes\Pradhan_Mantri_Krishi_Sinchyee_Yojna.txt,not_applicable,en,0.007,
schemes,RAD-UP.pdf,../data/raw/pdfs/Schemes\RAD-UP.pdf,5526.3,15,b61a60ba15c70e3c80495f65668616c39adedc428c30962043b0c950f0a90aa8,False,native,,32629,4569,../data/raw/pdfs/pdf_eda_outputs\extracted_text\schemes\RAD-UP.txt,not_applicable,en,0.001,2014.0
schemes,Restructured_Weather_Based_Crop_Insurance_Scheme.pdf,../data/raw/pdfs/Schemes\Restructured_Weather_Based_Crop_Insurance_Scheme.pdf,344.7,19,5af398d538666d4a3d56fcf1212363e783f024527ce29ba01d75618c5ba72345,False,native,,37308,5726,../data/raw/pdfs/pdf_eda_outputs\extracted_text\schemes\Restructured_Weather_Based_Crop_Insurance_Scheme.txt,not_applicable,en,0.005,
schemes,SHM_Guidelines472016.pdf,../data/raw/pdfs/Schemes\SHM_Guidelines472016.pdf,2008.9,84,d6d0a1a01cf06158a83f88b8d723f4a886d438b396fabfa3c154c04f32d65911,False,native,,108499,16584,../data/raw/pdfs/pdf_eda_outputs\extracted_text\schemes\SHM_Guidelines472016.txt,not_applicable,en,0.005,2016.0
up_acp,AGRA.pdf,../data/raw/pdfs/UP_ACP_PDFs\AGRA.pdf,268.9,20,2806e0f808c5e4b6f3f74ae6cf43b9b3499ae4651d5e5a7d3861050dfaef1605,False,native,,24415,3879,../data/raw/pdfs/pdf_eda_outputs\extracted_text\up_acp\AGRA.txt,not_applicable,en,0.011,
up_acp,ALIGARH.pdf,../data/raw/pdfs/UP_ACP_PDFs\ALIGARH.pdf,267.8,23,2d742d8ceeba5bf7500d895c6a509ea023e8ac5046b4aabcc215dabe8046cb6e,False,native,,28565,4359,../data/raw/pdfs/pdf_eda_outputs\extracted_text\up_acp\ALIGARH.txt,not_applicable,en,0.009,
up_acp,ALLAHABAD.pdf,../data/raw/pdfs/UP_ACP_PDFs\ALLAHABAD.pdf,279.6,20,70542f9d6fd5a179692423fa753d7c7423506b6b60b73530e42f84ac94766bef,False,native,,25427,3971,../data/raw/pdfs/pdf_eda_outputs\extracted_text\up_acp\ALLAHABAD.txt,not_applicable,en,0.011,
up_acp,AMBEDKAR NAGAR.pdf,../data/raw/pdfs/UP_ACP_PDFs\AMBEDKAR NAGAR.pdf,241.5,17,1bc6a151c37de2fb02b3b4ba7b9002420b5e9bc512c9d16c6126d0e9a6f00a22,False,native,,21010,3269,../data/raw/pdfs/pdf_eda_outputs\extracted_text\up_acp\AMBEDKAR NAGAR.txt,not_applicable,en,0.009,
up_acp,AMETHI  Shahu Ji Maharaj.pdf,../data/raw/pdfs/UP_ACP_PDFs\AMETHI  Shahu Ji Maharaj.pdf,131.8,12,9c9ff6da9e45177a02870f9ead30cb4306291d0e5d97586456a3e76ae61f5da0,False,native,,14761,2325,../data/raw/pdfs/pdf_eda_outputs\extracted_text\up_acp\AMETHI  Shahu Ji Maharaj.txt,not_applicable,en,0.009,
up_acp,AURAIYA.pdf,../data/raw/pdfs/UP_ACP_PDFs\AURAIYA.pdf,491.2,22,a2dcb8ea86eb81dd7b8d303cb9c6425f45d6448ac259a3d88c6945ab627bcd9f,False,native,,28169,4272,../data/raw/pdfs/pdf_eda_outputs\extracted_text\up_acp\AURAIYA.txt,not_applicable,en,0.006,
up_acp,AZAMGARH.pdf,../data/raw/pdfs/UP_ACP_PDFs\AZAMGARH.pdf,391.1,30,7e19ce1e0973deb7c045097e0f6a1b79ac7ef0dd1aeb062a5925b282a99bc6ef,False,native,,30445,4760,../data/raw/pdfs/pdf_eda_outputs\extracted_text\up_acp\AZAMGARH.txt,not_applicable,en,0.01,
up_acp,BADAUN.pdf,../data/raw/pdfs/UP_ACP_PDFs\BADAUN.pdf,307.9,33,c3b249f89cc4452a07a52b7021b50708519a4747b04c38de0a622133e51ef5e1,False,native,,44850,7145,../data/raw/pdfs/pdf_eda_outputs\extracted_text\up_acp\BADAUN.txt,not_applicable,en,0.012,
up_acp,BAGHPAT.pdf,../data/raw/pdfs/UP_ACP_PDFs\BAGHPAT.pdf,287.0,30,3a80a2c06bae89720f2f06d82dc54220cd67806a4e33eac931f52ce83233a137,False,native,,36891,5928,../data/raw/pdfs/pdf_eda_outputs\extracted_text\up_acp\BAGHPAT.txt,not_applicable,en,0.01,
up_acp,BAHRAICH.pdf,../data/raw/pdfs/UP_ACP_PDFs\BAHRAICH.pdf,372.8,31,8aed8ff1d479b7528b9f73f3d6dee5512f375d4016e560ea4f503eb13d66927c,False,native,,28852,4501,../data/raw/pdfs/pdf_eda_outputs\extracted_text\up_acp\BAHRAICH.txt,not_applicable,en,0.01,
up_acp,BALLIA.pdf,../data/raw/pdfs/UP_ACP_PDFs\BALLIA.pdf,378.9,28,f465ef8b421e712b82e133bbe781e8a45eaedc32a1167c2460a753b3cddd5683,False,native,,23713,3798,../data/raw/pdfs/pdf_eda_outputs\extracted_text\up_acp\BALLIA.txt,not_applicable,en,0.01,
up_acp,BALRAMPUR.pdf,../data/raw/pdfs/UP_ACP_PDFs\BALRAMPUR.pdf,388.5,30,d64ba9d02add00b6697eb51557bcb3990b93e6e6d9f34bce8a887ba49940c867,False,native,,27479,4319,../data/raw/pdfs/pdf_eda_outputs\extracted_text\up_acp\BALRAMPUR.txt,not_applicable,en,0.009,
up_acp,BANDA.pdf,../data/raw/pdfs/UP_ACP_PDFs\BANDA.pdf,185.1,13,84145a1bf45ce1e33c047a06c77ef3eeb4b085ac9840736998b3ba1f782f6024,False,native,,14205,2171,../data/raw/pdfs/pdf_eda_outputs\extracted_text\up_acp\BANDA.txt,not_applicable,en,0.01,
up_acp,BARABANKI.pdf,../data/raw/pdfs/UP_ACP_PDFs\BARABANKI.pdf,242.6,18,29a4712c541c2cf9a873d18a141aa34689c9161a4b010ecc7eaf2d9fb211499f,False,native,,20100,3142,../data/raw/pdfs/pdf_eda_outputs\extracted_text\up_acp\BARABANKI.txt,not_applicable,en,0.011,
up_acp,BAREILLY.pdf,../data/raw/pdfs/UP_ACP_PDFs\BAREILLY.pdf,321.0,35,7c6100d56a6a4087b1d151108ff0284d58fc759db4717093f7abb61d684aceb6,False,native,,44225,7042,../data/raw/pdfs/pdf_eda_outputs\extracted_text\up_acp\BAREILLY.txt,not_applicable,en,0.009,
up_acp,BASTI.pdf,../data/raw/pdfs/UP_ACP_PDFs\BASTI.pdf,231.8,17,be2e0213fbde06fb90b391a58a464c0c2a94291511decf198bd2811264d2cee4,False,native,,18741,2887,../data/raw/pdfs/pdf_eda_outputs\extracted_text\up_acp\BASTI.txt,not_applicable,en,0.01,
up_acp,BIJNOR.pdf,../data/raw/pdfs/UP_ACP_PDFs\BIJNOR.pdf,309.0,30,24df83685ac78ce00d30ff335a51f484a40a5eb60de38bd6bd6f7889396edc86,False,native,,43272,6948,../data/raw/pdfs/pdf_eda_outputs\extracted_text\up_acp\BIJNOR.txt,not_applicable,en,0.012,
up_acp,BULANDSHAHAR.pdf,../data/raw/pdfs/UP_ACP_PDFs\BULANDSHAHAR.pdf,298.7,29,44752564c91126fb19d6b978f2424e36da3e928e06817a4ef3acc53009a6efbe,False,native,,42536,6774,../data/raw/pdfs/pdf_eda_outputs\extracted_text\up_acp\BULANDSHAHAR.txt,not_applicable,en,0.01,
up_acp,CHANDAULI.pdf,../data/raw/pdfs/UP_ACP_PDFs\CHANDAULI.pdf,296.6,28,917de22f13cf9c6d1f6f1ad017cde7f3d687653577847e6b2f8cb860c39ca3ba,False,native,,42185,6531,../data/raw/pdfs/pdf_eda_outputs\extracted_text\up_acp\CHANDAULI.txt,not_applicable,en,0.009,
up_acp,CHITRAKOOT.pdf,../data/raw/pdfs/UP_ACP_PDFs\CHITRAKOOT.pdf,173.8,12,fb0689523baf5f6a2cbcda68961267960bd1aa085e51829cc98218a92aab20ce,False,native,,13725,2064,../data/raw/pdfs/pdf_eda_outputs\extracted_text\up_acp\CHITRAKOOT.txt,not_applicable,en,0.01,
up_acp,DEORIA.pdf,../data/raw/pdfs/UP_ACP_PDFs\DEORIA.pdf,318.0,38,edcb5da79e9ebd5f0aa5278fdfb289052a949317be452733a34a15415832b2c5,False,native,,42317,6348,../data/raw/pdfs/pdf_eda_outputs\extracted_text\up_acp\DEORIA.txt,not_applicable,en,0.009,
up_acp,ETAH.pdf,../data/raw/pdfs/UP_ACP_PDFs\ETAH.pdf,283.8,23,8a5d56fde1781200438401756fd1f3502f8fbbc9919bef623b453e9fa8083ed7,False,native,,29342,4453,../data/raw/pdfs/pdf_eda_outputs\extracted_text\up_acp\ETAH.txt,not_applicable,en,0.01,
up_acp,ETAWAH.pdf,../data/raw/pdfs/UP_ACP_PDFs\ETAWAH.pdf,284.0,23,280a88bfb3958fc63272d4d74dfbc2994ecf30a1c60b9312e26925334b1058a5,False,native,,28936,4420,../data/raw/pdfs/pdf_eda_outputs\extracted_text\up_acp\ETAWAH.txt,not_applicable,en,0.007,
up_acp,FAIZABAD.pdf,../data/raw/pdfs/UP_ACP_PDFs\FAIZABAD.pdf,1040.0,28,e6813a32c3f1460c62edb889717932d7b6ad65754fe1deecad42eca2d697535e,True,native,,25789,4000,../data/raw/pdfs/pdf_eda_outputs\extracted_text\up_acp\FAIZABAD.txt,not_applicable,en,0.011,
up_acp,FATEHPUR.pdf,../data/raw/pdfs/UP_ACP_PDFs\FATEHPUR.pdf,270.8,18,db5e2d4babec50bcbddb3f61847b79b3318efe93731f16d0269d04d2e23ec3ae,False,native,,24504,3816,../data/raw/pdfs/pdf_eda_outputs\extracted_text\up_acp\FATEHPUR.txt,not_applicable,en,0.008,
up_acp,GAUTAM BUDDHA NAGAR.pdf,../data/raw/pdfs/UP_ACP_PDFs\GAUTAM BUDDHA NAGAR.pdf,317.6,29,dc2f8bd4bdcf235b36eb4162a0aeef8e5821911eabf99ec6071e63686da78fe2,False,native,,39987,6227,../data/raw/pdfs/pdf_eda_outputs\extracted_text\up_acp\GAUTAM BUDDHA NAGAR.txt,not_applicable,en,0.012,
up_acp,GHAZIABAD.pdf,../data/raw/pdfs/UP_ACP_PDFs\GHAZIABAD.pdf,306.4,33,11e033cc397db2104a2f91b7e88b60f615238caa04492551e95c617578e1e47d,False,native,,40691,6397,../data/raw/pdfs/pdf_eda_outputs\extracted_text\up_acp\GHAZIABAD.txt,not_applicable,en,0.012,
up_acp,GHAZIPUR.pdf,../data/raw/pdfs/UP_ACP_PDFs\GHAZIPUR.pdf,372.9,49,8632ba974235672ddcf59e5a726b978cbe2d01505ddb04a81416c12d83ddc235,False,native,,53313,7773,../data/raw/pdfs/pdf_eda_outputs\extracted_text\up_acp\GHAZIPUR.txt,not_applicable,en,0.011,
up_acp,GONDA.pdf,../data/raw/pdfs/UP_ACP_PDFs\GONDA.pdf,388.8,29,4528080200fb6b67261efa127bf3a9d2e3c3e889ce66778c869b881db28663ff,False,native,,25890,4068,../data/raw/pdfs/pdf_eda_outputs\extracted_text\up_acp\GONDA.txt,not_applicable,en,0.009,
up_acp,GORAKHPUR.pdf,../data/raw/pdfs/UP_ACP_PDFs\GORAKHPUR.pdf,319.7,35,b2381eeec48d6cf1eba455c9fbcb81f48333c8e37d50746d4c3620c979156cbc,False,native,,44533,6577,../data/raw/pdfs/pdf_eda_outputs\extracted_text\up_acp\GORAKHPUR.txt,not_applicable,en,0.01,
up_acp,HAMIRPUR.pdf,../data/raw/pdfs/UP_ACP_PDFs\HAMIRPUR.pdf,274.7,14,a7f167af11fcc0b4eeb18a848c8f35150d97121aea6530c2cc57b6c9fad64277,False,native,,14247,2168,../data/raw/pdfs/pdf_eda_outputs\extracted_text\up_acp\HAMIRPUR.txt,not_applicable,en,0.01,
up_acp,HAPUR PANCHSHEEL NAGAR.pdf,../data/raw/pdfs/UP_ACP_PDFs\HAPUR PANCHSHEEL NAGAR.pdf,207.4,27,7e62b609d92722463bea8a563e4c3c2bc6d7ef7702598803c4ddb923bda68e47,False,native,,36684,5774,../data/raw/pdfs/pdf_eda_outputs\extracted_text\up_acp\HAPUR PANCHSHEEL NAGAR.txt,not_applicable,en,0.009,
up_acp,HARDOI.pdf,../data/raw/pdfs/UP_ACP_PDFs\HARDOI.pdf,236.0,18,554242757ba24377ab6eff3534c60589e634dda218d0f69e99851146ca387842,False,native,,20578,3168,../data/raw/pdfs/pdf_eda_outputs\extracted_text\up_acp\HARDOI.txt,not_applicable,en,0.008,
up_acp,JALAUN.pdf,../data/raw/pdfs/UP_ACP_PDFs\JALAUN.pdf,194.9,13,6b1337865df3d4b5f37c2864cc830d833d4f98093b685bda9282ce0b87cdbf2d,False,native,,14294,2181,../data/raw/pdfs/pdf_eda_outputs\extracted_text\up_acp\JALAUN.txt,not_applicable,en,0.01,
up_acp,JAUNPUR.pdf,../data/raw/pdfs/UP_ACP_PDFs\JAUNPUR.pdf,291.1,23,67817976f685f56e8574c6930f73833b0f9704267bc043bbe1364b9a101d9203,False,native,,28466,4380,../data/raw/pdfs/pdf_eda_outputs\extracted_text\up_acp\JAUNPUR.txt,not_applicable,en,0.009,
up_acp,JHANSI.pdf,../data/raw/pdfs/UP_ACP_PDFs\JHANSI.pdf,184.2,12,7e632ec6aabb2d2f9548a8705685189756c878571e05ec41fd0c3f62395306c2,False,native,,13650,2060,../data/raw/pdfs/pdf_eda_outputs\extracted_text\up_acp\JHANSI.txt,not_applicable,en,0.009,
up_acp,JYOTIBA PHULE NAGAR.pdf,../data/raw/pdfs/UP_ACP_PDFs\JYOTIBA PHULE NAGAR.pdf,308.9,29,44db75fb0cffcc27a48747bda706eec59f8f54ee45d79bc63b99226db1d85451,False,native,,41048,6446,../data/raw/pdfs/pdf_eda_outputs\extracted_text\up_acp\JYOTIBA PHULE NAGAR.txt,not_applicable,en,0.011,
up_acp,KANNAUJ.pdf,../data/raw/pdfs/UP_ACP_PDFs\KANNAUJ.pdf,252.2,19,0af309389889232214c26f23e46aff4b8805ae5af392e484f87fe8491cfbfc56,False,native,,25449,3806,../data/raw/pdfs/pdf_eda_outputs\extracted_text\up_acp\KANNAUJ.txt,not_applicable,en,0.009,
up_acp,KANPUR CITY.pdf,../data/raw/pdfs/UP_ACP_PDFs\KANPUR CITY.pdf,273.0,23,9d0fbb9a444dce096652de69955b45b9fca8aa2e9211e34c999ecde4e8a4f1fc,False,native,,27058,4129,../data/raw/pdfs/pdf_eda_outputs\extracted_text\up_acp\KANPUR CITY.txt,not_applicable,en,0.008,
up_acp,KANPUR DEHAT.pdf,../data/raw/pdfs/UP_ACP_PDFs\KANPUR DEHAT.pdf,243.0,20,99ff564a09d30793a0339e735be9fe239a21ecc0c812b62f9bc9d9eb37009950,False,native,,23542,3559,../data/raw/pdfs/pdf_eda_outputs\extracted_text\up_acp\KANPUR DEHAT.txt,not_applicable,en,0.008,
up_acp,KAUSHAMBI.pdf,../data/raw/pdfs/UP_ACP_PDFs\KAUSHAMBI.pdf,254.1,18,40e24895d0fb017361df3518dd68cf7dd6a560742c358ae4710d33d8f89cf967,False,native,,23343,3649,../data/raw/pdfs/pdf_eda_outputs\extracted_text\up_acp\KAUSHAMBI.txt,not_applicable,en,0.01,
up_acp,KHERI.pdf,../data/raw/pdfs/UP_ACP_PDFs\KHERI.pdf,466.9,20,93324845ee1af4edab30d35c98748de6898e72bc99c6a62d12d337bb25536fcd,False,native,,23968,3709,../data/raw/pdfs/pdf_eda_outputs\extracted_text\up_acp\KHERI.txt,not_applicable,en,0.008,
up_acp,KUSHI NAGAR.pdf,../data/raw/pdfs/UP_ACP_PDFs\KUSHI NAGAR.pdf,281.4,32,5ae62e8157122d19b7316772d3389f3b1f4ea777377d8e2f98a60fd05baa9a7b,False,native,,41178,6254,../data/raw/pdfs/pdf_eda_outputs\extracted_text\up_acp\KUSHI NAGAR.txt,not_applicable,en,0.009,
up_acp,LALITPUR.pdf,../data/raw/pdfs/UP_ACP_PDFs\LALITPUR.pdf,191.9,13,e9f23073ac21aa16bfd612435f3706a4b37302d5d3e3791eb485e846dfc343a3,False,native,,14262,2178,../data/raw/pdfs/pdf_eda_outputs\extracted_text\up_acp\LALITPUR.txt,not_applicable,en,0.009,
up_acp,LUCKNOW.pdf,../data/raw/pdfs/UP_ACP_PDFs\LUCKNOW.pdf,261.9,17,d9e85b28152d7d0e972d2bc11caa249e2243ccaef2a477df1a6d3ec45f72910f,False,native,,18427,2871,../data/raw/pdfs/pdf_eda_outputs\extracted_text\up_acp\LUCKNOW.txt,not_applicable,en,0.011,
up_acp,MAHAMAYA NAGAR.pdf,../data/raw/pdfs/UP_ACP_PDFs\MAHAMAYA NAGAR.pdf,228.6,16,4128c3c8d9282372f0855ecd36ae933d1981373e7421ca95db1480fcd425831b,False,native,,21149,3258,../data/raw/pdfs/pdf_eda_outputs\extracted_text\up_acp\MAHAMAYA NAGAR.txt,not_applicable,en,0.007,
up_acp,MAHARAHGANJ.pdf,../data/raw/pdfs/UP_ACP_PDFs\MAHARAHGANJ.pdf,299.2,27,d5fe92f7bb7e3c9e3c634d76664ef8f18c02079cea9d391bd4ca79d4057b76c4,False,native,,34388,5321,../data/raw/pdfs/pdf_eda_outputs\extracted_text\up_acp\MAHARAHGANJ.txt,not_applicable,en,0.009,
up_acp,MAHOBA.pdf,../data/raw/pdfs/UP_ACP_PDFs\MAHOBA.pdf,266.9,23,a5cc179f49f05b9d5450e637cef0998d24e075f342b639dbb2f5752cad09fb78,False,native,,29821,4813,../data/raw/pdfs/pdf_eda_outputs\extracted_text\up_acp\MAHOBA.txt,not_applicable,en,0.009,
up_acp,MAINPURI.pdf,../data/raw/pdfs/UP_ACP_PDFs\MAINPURI.pdf,262.6,19,7b0f47e414307f380d3aabce4ec350fff80a93b9d358e69d167a0737137fff8f,False,native,,23409,3601,../data/raw/pdfs/pdf_eda_outputs\extracted_text\up_acp\MAINPURI.txt,not_applicable,en,0.007,
up_acp,MATHURA.pdf,../data/raw/pdfs/UP_ACP_PDFs\MATHURA.pdf,279.1,22,7fae2c6f436440be53ba98e813c67758c8e512c7cc4540acb59162495853d89f,False,native,,26923,4277,../data/raw/pdfs/pdf_eda_outputs\extracted_text\up_acp\MATHURA.txt,not_applicable,en,0.01,
up_acp,MAU.pdf,../data/raw/pdfs/UP_ACP_PDFs\MAU.pdf,361.5,28,9c421159f2e70900838b98c85f1d1951727e8eb5263545fd4dbb7ea489c0e420,False,native,,27746,4551,../data/raw/pdfs/pdf_eda_outputs\extracted_text\up_acp\MAU.txt,not_applicable,en,0.011,
up_acp,MEERUT.pdf,../data/raw/pdfs/UP_ACP_PDFs\MEERUT.pdf,298.2,31,4b0328ddb5b65045414e997a755b2a8f0c3f3a16753c750c9d90458cee03e2c8,False,native,,37186,5921,../data/raw/pdfs/pdf_eda_outputs\extracted_text\up_acp\MEERUT.txt,not_applicable,en,0.011,
up_acp,MIRZAPUR.pdf,../data/raw/pdfs/UP_ACP_PDFs\MIRZAPUR.pdf,262.0,23,eeaba9312d6a719501d28bbf031ffa357f47dbd05111982e3083835d26fd8ff8,False,native,,28735,4331,../data/raw/pdfs/pdf_eda_outputs\extracted_text\up_acp\MIRZAPUR.txt,not_applicable,en,0.01,2007.0
up_acp,MORADABAD.pdf,../data/raw/pdfs/UP_ACP_PDFs\MORADABAD.pdf,317.9,34,304076fc6afe194b98664e69fd3075bc5b2f87f40402d2cf9562c8c065a10f3a,False,native,,41779,6530,../data/raw/pdfs/pdf_eda_outputs\extracted_text\up_acp\MORADABAD.txt,not_applicable,en,0.011,
up_acp,MUZAFFARNAGAR.pdf,../data/raw/pdfs/UP_ACP_PDFs\MUZAFFARNAGAR.pdf,312.4,27,cd3b2cec12a21c8ad9dc4e1d85480dc0c39974d341b1336cd311bec3dd20feec,False,native,,37851,6002,../data/raw/pdfs/pdf_eda_outputs\extracted_text\up_acp\MUZAFFARNAGAR.txt,not_applicable,en,0.009,
up_acp,PILIBHIT.pdf,../data/raw/pdfs/UP_ACP_PDFs\PILIBHIT.pdf,285.6,26,4439641bbc7518ef6b13dc02245c4464fdec5725ab47374820c2f73b2613a669,False,native,,37577,6037,../data/raw/pdfs/pdf_eda_outputs\extracted_text\up_acp\PILIBHIT.txt,not_applicable,en,0.011,
up_acp,PRATAPGARH.pdf,../data/raw/pdfs/UP_ACP_PDFs\PRATAPGARH.pdf,271.7,22,b7a524e287cbb90edcdc1ac53eb5364eca01ddae1f87abdd5dec5dda863ea1ca,False,native,,27129,4108,../data/raw/pdfs/pdf_eda_outputs\extracted_text\up_acp\PRATAPGARH.txt,not_applicable,en,0.008,
up_acp,RAEBARELI.pdf,../data/raw/pdfs/UP_ACP_PDFs\RAEBARELI.pdf,245.2,18,a3bd78bd733a062cf6efe5a621c42498cec939dcfeb188c0064cf86ea4e7e173,False,native,,20800,3148,../data/raw/pdfs/pdf_eda_outputs\extracted_text\up_acp\RAEBARELI.txt,not_applicable,en,0.01,
up_acp,RAMPUR.pdf,../data/raw/pdfs/UP_ACP_PDFs\RAMPUR.pdf,302.4,29,d499e2735b18e4a49c3127a187aa45e3c49de7d08d5ec81955b50c045909e241,False,native,,43318,6984,../data/raw/pdfs/pdf_eda_outputs\extracted_text\up_acp\RAMPUR.txt,not_applicable,en,0.011,
up_acp,SAHARANPUR.pdf,../data/raw/pdfs/UP_ACP_PDFs\SAHARANPUR.pdf,301.3,29,382b38bda6429aebc19789cb900269e38c56f6a7938a885bdb941b29b5a79fa8,False,native,,43385,7011,../data/raw/pdfs/pdf_eda_outputs\extracted_text\up_acp\SAHARANPUR.txt,not_applicable,en,0.012,
up_acp,SAMBAL BHIM NAGAR.pdf,../data/raw/pdfs/UP_ACP_PDFs\SAMBAL BHIM NAGAR.pdf,206.6,26,d7ba6f48b9df9a0aa1069db2ff17aaeb7b3ead7237993563d76a6f43db88d9aa,False,native,,37015,5745,../data/raw/pdfs/pdf_eda_outputs\extracted_text\up_acp\SAMBAL BHIM NAGAR.txt,not_applicable,en,0.008,
up_acp,SANT KABIR NAGAR.pdf,../data/raw/pdfs/UP_ACP_PDFs\SANT KABIR NAGAR.pdf,412.8,31,89c715b2081a8ca5496e6561826831e9fb59d6d5914d5559af530df30d2c86d2,False,native,,29720,4721,../data/raw/pdfs/pdf_eda_outputs\extracted_text\up_acp\SANT KABIR NAGAR.txt,not_applicable,en,0.009,
up_acp,SANT RAVIDAS NAGAR BHADOHI.pdf,../data/raw/pdfs/UP_ACP_PDFs\SANT RAVIDAS NAGAR BHADOHI.pdf,283.4,23,849bcbd83e6d60a59a77ae23043f47b8a2aa321dbf92bf02f01e45b97cd48f84,False,native,,27653,4265,../data/raw/pdfs/pdf_eda_outputs\extracted_text\up_acp\SANT RAVIDAS NAGAR BHADOHI.txt,not_applicable,en,0.01,
up_acp,SHAHJAHANPUR.pdf,../data/raw/pdfs/UP_ACP_PDFs\SHAHJAHANPUR.pdf,316.0,30,f1147e11f306d80cf352c9a999bfd74b5ca874d0192f8b2655df6fdfa29f4630,False,native,,45309,7364,../data/raw/pdfs/pdf_eda_outputs\extracted_text\up_acp\SHAHJAHANPUR.txt,not_applicable,en,0.01,
up_acp,SHAMLI PRABUDH NAGER.pdf,../data/raw/pdfs/UP_ACP_PDFs\SHAMLI PRABUDH NAGER.pdf,217.5,18,2dcc89f5e48d12e1b55ab3458557cf0b0996b47bbbe2f5702969c2f80ae1b165,False,native,,25318,4035,../data/raw/pdfs/pdf_eda_outputs\extracted_text\up_acp\SHAMLI PRABUDH NAGER.txt,not_applicable,en,0.008,
up_acp,SHIVASTI.pdf,../data/raw/pdfs/UP_ACP_PDFs\SHIVASTI.pdf,260.9,19,1ac526a15478531137842ef6d3b06c7e19f6614bbcc93fc4edd4d344409134fe,False,native,,20286,3204,../data/raw/pdfs/pdf_eda_outputs\extracted_text\up_acp\SHIVASTI.txt,not_applicable,en,0.01,
up_acp,SIDDHARTH NAGAR.pdf,../data/raw/pdfs/UP_ACP_PDFs\SIDDHARTH NAGAR.pdf,417.4,29,19588ab2257d5b9a261bf2b95d0365ca4edf1c0f09b5f138ddb2fadd47619aab,False,native,,28295,4476,../data/raw/pdfs/pdf_eda_outputs\extracted_text\up_acp\SIDDHARTH NAGAR.txt,not_applicable,en,0.01,
up_acp,SITAPUR.pdf,../data/raw/pdfs/UP_ACP_PDFs\SITAPUR.pdf,245.2,19,89aa46d8df6f58fe55cfe5f7634ac4bc9ec509f0b836141c5f816238d916c5bc,False,native,,22493,3471,../data/raw/pdfs/pdf_eda_outputs\extracted_text\up_acp\SITAPUR.txt,not_applicable,en,0.009,
up_acp,SONBHADRA.pdf,../data/raw/pdfs/UP_ACP_PDFs\SONBHADRA.pdf,343.1,30,d37d3d533d8fa9c0023e09a26dfd2ab53b72f930be527546029e1a740ef15406,False,native,,36910,5591,../data/raw/pdfs/pdf_eda_outputs\extracted_text\up_acp\SONBHADRA.txt,not_applicable,en,0.011,2007.0
up_acp,SULTANPUR.pdf,../data/raw/pdfs/UP_ACP_PDFs\SULTANPUR.pdf,379.0,29,97840dd107f748403115cab940fb03bf695dcd6e261c97eb93f5a12312c064f5,False,native,,27025,4144,../data/raw/pdfs/pdf_eda_outputs\extracted_text\up_acp\SULTANPUR.txt,not_applicable,en,0.011,
up_acp,UNNAO.pdf,../data/raw/pdfs/UP_ACP_PDFs\UNNAO.pdf,243.2,21,3101f9927516989d66c1bdaaf4e140744ebc686fb85186f337d81df75ddc69d7,False,native,,22595,3455,../data/raw/pdfs/pdf_eda_outputs\extracted_text\up_acp\UNNAO.txt,not_applicable,en,0.009,
up_acp,VARANASI.pdf,../data/raw/pdfs/UP_ACP_PDFs\VARANASI.pdf,258.7,26,1c9bb76d81ea8697cece5c62f9155bb83be5848195af95525574555bb981c0ac,False,native,,28553,4294,../data/raw/pdfs/pdf_eda_outputs\extracted_text\up_acp\VARANASI.txt,not_applicable,en,0.012,
